UserID,Date,Day,WorkoutType,Duration_Minutes,Calories_Burned
U0328,29-01-2024,Monday,Running,55,425
U0045,31-05-2024,Friday,Strength,24,319
U0288,20-02-2024,Tuesday,Walking,89,101
U0389,10-02-2024,Saturday,Walking,74,186
U0053,24-01-2024,Wednesday,Strength,32,335
U0374,27-04-2024,Saturday,HIIT,35,774
U0296,19-02-2024,Monday,Walking,28,159
U0444,26-01-2024,Friday,Strength,55,283
U0108,20-06-2024,Thursday,Yoga,29,163
U0084,28-04-2024,Sunday,Strength,54,366
U0118,09-01-2024,Tuesday,Yoga,71,174
U0109,16-06-2024,Sunday,Strength,70,335
U0382,23-05-2024,Thursday,HIIT,53,554
U0113,05-02-2024,Monday,HIIT,83,671
U0406,23-06-2024,Sunday,Strength,28,439
U0498,21-05-2024,Tuesday,Running,34,649
U0223,10-02-2024,Saturday,Strength,20,291
U0446,09-06-2024,Sunday,Yoga,84,159
U0277,15-05-2024,Wednesday,Running,61,550
U0123,15-01-2024,Monday,Cycling,30,498
U0066,17-06-2024,Monday,Strength,90,416
U0387,25-06-2024,Tuesday,Cycling,59,593
U0232,31-01-2024,Wednesday,Cycling,48,423
U0113,02-01-2024,Tuesday,Running,27,417
U0122,12-03-2024,Tuesday,Walking,82,221
U0125,01-05-2024,Wednesday,Strength,44,420
U0211,29-04-2024,Monday,Walking,26,203
U0373,27-03-2024,Wednesday,Running,51,398
U0094,12-03-2024,Tuesday,Strength,51,250
U0429,04-01-2024,Thursday,Running,50,385
U0463,16-01-2024,Tuesday,Cycling,68,449
U0357,22-05-2024,Wednesday,Walking,82,248
U0377,18-05-2024,Saturday,Running,60,329
U0081,15-01-2024,Monday,HIIT,30,695
U0207,31-01-2024,Wednesday,HIIT,51,564
U0290,13-05-2024,Monday,Yoga,53,200
U0068,20-06-2024,Thursday,Walking,58,244
U0052,19-01-2024,Friday,HIIT,47,385
U0190,13-03-2024,Wednesday,Cycling,76,404
U0154,18-06-2024,Tuesday,Running,37,435
U0145,03-06-2024,Monday,Cycling,63,574
U0464,14-01-2024,Sunday,Running,74,441
U0327,08-03-2024,Friday,Cycling,76,468
U0484,25-06-2024,Tuesday,Cycling,89,439
U0066,11-01-2024,Thursday,Yoga,66,173
U0182,23-05-2024,Thursday,Strength,39,411
U0378,26-03-2024,Tuesday,Strength,51,255
U0440,30-04-2024,Tuesday,Cycling,45,429
U0338,19-02-2024,Monday,Strength,62,379
U0205,22-06-2024,Saturday,HIIT,62,647
U0020,28-01-2024,Sunday,HIIT,75,409
U0461,27-05-2024,Monday,Cycling,52,473
U0352,20-06-2024,Thursday,Cycling,66,285
U0340,01-02-2024,Thursday,Walking,58,203
U0357,16-03-2024,Saturday,HIIT,36,696
U0316,25-05-2024,Saturday,Yoga,71,197
U0403,28-05-2024,Tuesday,HIIT,61,611
U0407,13-02-2024,Tuesday,Walking,30,160
U0345,20-03-2024,Wednesday,Cycling,45,262
U0234,16-04-2024,Tuesday,Walking,44,137
U0336,25-06-2024,Tuesday,Running,33,698
U0238,13-01-2024,Saturday,HIIT,51,691
U0287,01-06-2024,Saturday,Yoga,76,229
U0381,01-05-2024,Wednesday,Strength,53,341
U0249,09-06-2024,Sunday,Cycling,55,289
U0164,18-05-2024,Saturday,Running,37,377
U0033,16-04-2024,Tuesday,Strength,62,231
U0200,29-05-2024,Wednesday,Walking,22,190
U0153,09-04-2024,Tuesday,Strength,88,312
U0140,21-04-2024,Sunday,Strength,23,407
U0431,29-04-2024,Monday,Cycling,88,451
U0043,13-06-2024,Thursday,Strength,37,333
U0109,26-04-2024,Friday,Yoga,63,191
U0241,05-01-2024,Friday,Walking,89,110
U0387,08-01-2024,Monday,Cycling,45,568
U0343,30-01-2024,Tuesday,HIIT,47,660
U0399,11-02-2024,Sunday,Yoga,33,199
U0204,20-02-2024,Tuesday,Running,51,352
U0401,11-01-2024,Thursday,Yoga,88,214
U0007,17-04-2024,Wednesday,Strength,33,435
U0223,15-02-2024,Thursday,Walking,86,223
U0239,21-04-2024,Sunday,Walking,54,162
U0385,28-04-2024,Sunday,HIIT,68,443
U0109,31-03-2024,Sunday,Yoga,63,299
U0265,18-02-2024,Sunday,Running,50,668
U0354,01-05-2024,Wednesday,Walking,82,203
U0355,03-03-2024,Sunday,Yoga,67,255
U0170,31-03-2024,Sunday,Walking,78,149
U0162,31-01-2024,Wednesday,Walking,88,223
U0142,30-05-2024,Thursday,HIIT,56,534
U0155,04-01-2024,Thursday,Walking,88,174
U0358,02-02-2024,Friday,Walking,82,222
U0226,28-03-2024,Thursday,Cycling,26,494
U0038,27-05-2024,Monday,Walking,26,163
U0061,22-05-2024,Wednesday,Strength,48,430
U0441,30-05-2024,Thursday,Strength,59,250
U0321,24-02-2024,Saturday,Yoga,30,164
U0002,14-04-2024,Sunday,Strength,80,347
U0360,26-04-2024,Friday,Running,49,435
U0279,27-02-2024,Tuesday,Walking,39,178
U0305,25-05-2024,Saturday,Yoga,76,296
U0483,10-03-2024,Sunday,HIIT,89,571
U0310,05-03-2024,Tuesday,Running,31,417
U0296,11-01-2024,Thursday,Cycling,80,583
U0224,11-06-2024,Tuesday,Strength,31,370
U0440,11-02-2024,Sunday,Yoga,72,193
U0019,26-04-2024,Friday,Running,60,429
U0423,01-01-2024,Monday,Walking,89,192
U0319,07-05-2024,Tuesday,Walking,76,133
U0475,14-03-2024,Thursday,Strength,82,322
U0160,21-05-2024,Tuesday,Running,90,508
U0332,09-02-2024,Friday,Strength,57,447
U0234,21-05-2024,Tuesday,Cycling,69,556
U0142,16-04-2024,Tuesday,Yoga,84,192
U0297,17-06-2024,Monday,Strength,39,376
U0391,19-05-2024,Sunday,Strength,78,322
U0120,15-04-2024,Monday,Running,60,681
U0254,10-01-2024,Wednesday,Cycling,84,419
U0467,26-04-2024,Friday,Running,38,509
U0174,08-06-2024,Saturday,Walking,70,181
U0321,04-05-2024,Saturday,HIIT,24,466
U0223,26-01-2024,Friday,Walking,32,111
U0167,15-01-2024,Monday,Yoga,65,157
U0290,23-06-2024,Sunday,Cycling,41,290
U0255,29-05-2024,Wednesday,Cycling,49,576
U0461,29-04-2024,Monday,Yoga,89,233
U0328,18-04-2024,Thursday,Walking,52,223
U0055,01-03-2024,Friday,Strength,65,351
U0141,03-01-2024,Wednesday,HIIT,26,660
U0113,11-06-2024,Tuesday,Cycling,52,587
U0463,09-06-2024,Sunday,Walking,25,133
U0047,16-03-2024,Saturday,Yoga,73,153
U0272,08-05-2024,Wednesday,Yoga,41,195
U0240,20-01-2024,Saturday,Cycling,48,595
U0405,11-04-2024,Thursday,Running,53,574
U0300,07-04-2024,Sunday,Walking,67,243
U0168,05-06-2024,Wednesday,Cycling,28,487
U0060,05-02-2024,Monday,Running,24,455
U0070,09-04-2024,Tuesday,Strength,67,500
U0454,16-04-2024,Tuesday,Walking,32,194
U0112,23-04-2024,Tuesday,Strength,50,388
U0032,11-04-2024,Thursday,Yoga,44,143
U0026,26-03-2024,Tuesday,Cycling,36,355
U0111,29-02-2024,Thursday,Yoga,38,190
U0129,14-02-2024,Wednesday,Running,23,367
U0009,14-02-2024,Wednesday,Yoga,26,254
U0244,24-04-2024,Wednesday,Yoga,85,235
U0373,17-06-2024,Monday,HIIT,58,595
U0219,24-06-2024,Monday,Running,82,664
U0034,02-02-2024,Friday,Yoga,90,217
U0259,03-06-2024,Monday,Strength,32,482
U0221,25-04-2024,Thursday,Cycling,72,482
U0161,19-04-2024,Friday,Yoga,52,295
U0426,22-01-2024,Monday,Running,75,349
U0490,23-05-2024,Thursday,HIIT,62,797
U0445,14-01-2024,Sunday,Yoga,59,267
U0337,03-05-2024,Friday,Cycling,33,534
U0294,27-02-2024,Tuesday,Strength,23,336
U0140,28-06-2024,Friday,Yoga,63,166
U0036,06-02-2024,Tuesday,Walking,23,216
U0175,10-02-2024,Saturday,Yoga,59,265
U0081,07-06-2024,Friday,Running,30,439
U0213,10-03-2024,Sunday,Cycling,85,426
U0270,19-06-2024,Wednesday,Yoga,25,273
U0155,24-02-2024,Saturday,Cycling,52,417
U0090,03-02-2024,Saturday,Strength,88,486
U0037,11-04-2024,Thursday,Walking,25,180
U0295,19-04-2024,Friday,HIIT,71,408
U0011,24-03-2024,Sunday,Cycling,78,435
U0125,21-04-2024,Sunday,HIIT,71,731
U0114,26-03-2024,Tuesday,Cycling,29,574
U0464,30-03-2024,Saturday,Yoga,38,157
U0309,09-02-2024,Friday,Walking,29,244
U0390,28-05-2024,Tuesday,Strength,61,425
U0227,10-06-2024,Monday,Yoga,55,210
U0237,25-04-2024,Thursday,Running,27,488
U0197,28-04-2024,Sunday,HIIT,90,683
U0165,03-06-2024,Monday,Strength,84,252
U0366,22-01-2024,Monday,HIIT,42,618
U0313,10-02-2024,Saturday,Yoga,67,224
U0405,10-06-2024,Monday,Walking,62,198
U0146,05-03-2024,Tuesday,Walking,39,179
U0496,16-06-2024,Sunday,Walking,70,196
U0330,25-03-2024,Monday,Cycling,87,580
U0010,02-04-2024,Tuesday,Yoga,43,244
U0080,20-01-2024,Saturday,Yoga,32,254
U0449,07-06-2024,Friday,Cycling,68,333
U0023,15-04-2024,Monday,Yoga,50,192
U0123,20-03-2024,Wednesday,Strength,44,425
U0399,07-04-2024,Sunday,HIIT,87,796
U0027,13-06-2024,Thursday,Strength,67,263
U0391,11-02-2024,Sunday,Yoga,77,231
U0453,30-03-2024,Saturday,Running,73,327
U0042,05-04-2024,Friday,Cycling,23,300
U0071,10-01-2024,Wednesday,Yoga,80,300
U0464,21-01-2024,Sunday,Running,52,410
U0398,14-03-2024,Thursday,Cycling,58,274
U0033,29-01-2024,Monday,Strength,88,494
U0150,19-04-2024,Friday,Running,65,423
U0269,02-04-2024,Tuesday,Running,87,578
U0448,30-04-2024,Tuesday,Running,69,491
U0177,02-03-2024,Saturday,Walking,33,190
U0280,27-03-2024,Wednesday,Walking,42,146
U0416,04-02-2024,Sunday,Running,78,318
U0454,11-01-2024,Thursday,Yoga,59,259
U0386,14-06-2024,Friday,Cycling,56,274
U0410,04-04-2024,Thursday,Strength,71,373
U0355,07-05-2024,Tuesday,Yoga,86,228
U0280,16-03-2024,Saturday,Yoga,33,289
U0309,19-04-2024,Friday,Cycling,76,478
U0141,12-06-2024,Wednesday,Running,29,643
U0488,08-01-2024,Monday,Cycling,76,314
U0186,08-04-2024,Monday,HIIT,24,539
U0228,20-01-2024,Saturday,HIIT,37,682
U0128,30-01-2024,Tuesday,Running,43,555
U0397,07-03-2024,Thursday,Walking,77,131
U0070,19-01-2024,Friday,Strength,42,363
U0364,17-01-2024,Wednesday,HIIT,89,756
U0261,27-02-2024,Tuesday,Running,45,371
U0294,04-04-2024,Thursday,Strength,90,233
U0368,02-05-2024,Thursday,HIIT,72,414
U0329,19-01-2024,Friday,Strength,79,265
U0328,30-05-2024,Thursday,Cycling,36,507
U0156,12-02-2024,Monday,Cycling,61,365
U0129,20-02-2024,Tuesday,Walking,90,236
U0048,08-05-2024,Wednesday,Walking,41,186
U0432,24-05-2024,Friday,Running,23,341
U0393,26-05-2024,Sunday,Strength,23,348
U0248,03-03-2024,Sunday,Walking,71,212
U0213,03-05-2024,Friday,Strength,46,360
U0376,29-03-2024,Friday,Strength,36,487
U0124,29-04-2024,Monday,Running,54,530
U0485,08-04-2024,Monday,HIIT,73,719
U0098,10-02-2024,Saturday,Strength,85,454
U0484,10-04-2024,Wednesday,HIIT,78,374
U0145,06-05-2024,Monday,HIIT,80,570
U0452,08-03-2024,Friday,Walking,66,113
U0292,23-05-2024,Thursday,Cycling,66,397
U0392,20-05-2024,Monday,Yoga,35,220
U0286,03-04-2024,Wednesday,Cycling,45,510
U0020,05-02-2024,Monday,Walking,62,231
U0072,24-03-2024,Sunday,HIIT,60,653
U0260,10-05-2024,Friday,HIIT,82,767
U0189,25-03-2024,Monday,Walking,34,221
U0136,16-06-2024,Sunday,HIIT,49,437
U0323,07-06-2024,Friday,Strength,38,493
U0098,05-01-2024,Friday,Strength,60,304
U0397,05-06-2024,Wednesday,Strength,27,306
U0340,02-05-2024,Thursday,HIIT,68,525
U0182,22-06-2024,Saturday,Walking,53,242
U0153,27-02-2024,Tuesday,Yoga,56,296
U0179,23-05-2024,Thursday,Walking,55,201
U0420,29-03-2024,Friday,Cycling,57,397
U0383,02-05-2024,Thursday,Cycling,45,388
U0316,30-05-2024,Thursday,Cycling,51,592
U0027,26-01-2024,Friday,Strength,62,270
U0476,10-02-2024,Saturday,Strength,80,347
U0331,16-01-2024,Tuesday,Running,49,573
U0479,10-01-2024,Wednesday,Strength,83,204
U0309,28-01-2024,Sunday,Yoga,56,259
U0436,09-05-2024,Thursday,Strength,54,283
U0332,06-03-2024,Wednesday,Walking,43,149
U0090,05-06-2024,Wednesday,Walking,71,124
U0095,05-02-2024,Monday,Strength,61,396
U0386,09-03-2024,Saturday,Yoga,58,122
U0355,01-03-2024,Friday,Running,35,538
U0473,29-06-2024,Saturday,Yoga,35,214
U0245,09-02-2024,Friday,Strength,67,475
U0391,04-03-2024,Monday,Walking,30,244
U0058,16-01-2024,Tuesday,HIIT,84,434
U0438,13-05-2024,Monday,Strength,34,450
U0229,15-01-2024,Monday,Strength,36,488
U0237,21-06-2024,Friday,Yoga,22,120
U0024,18-04-2024,Thursday,Yoga,28,137
U0210,16-02-2024,Friday,Cycling,73,445
U0350,18-06-2024,Tuesday,HIIT,37,625
U0271,02-02-2024,Friday,Walking,48,239
U0218,16-05-2024,Thursday,Strength,49,279
U0480,29-01-2024,Monday,Running,73,614
U0305,09-01-2024,Tuesday,Strength,26,424
U0112,15-01-2024,Monday,Cycling,84,369
U0122,18-03-2024,Monday,Cycling,86,461
U0486,31-05-2024,Friday,Walking,42,112
U0498,29-03-2024,Friday,Walking,68,138
U0154,06-04-2024,Saturday,Cycling,88,373
U0413,28-04-2024,Sunday,Running,72,513
U0131,22-02-2024,Thursday,Yoga,30,143
U0027,09-03-2024,Saturday,Strength,25,486
U0107,26-03-2024,Tuesday,Yoga,21,150
U0204,02-03-2024,Saturday,HIIT,61,623
U0158,07-03-2024,Thursday,Yoga,85,145
U0469,22-02-2024,Thursday,Yoga,60,264
U0009,07-03-2024,Thursday,HIIT,73,467
U0292,03-03-2024,Sunday,Strength,90,331
U0495,13-06-2024,Thursday,Walking,82,239
U0251,17-02-2024,Saturday,HIIT,27,741
U0212,05-02-2024,Monday,Walking,49,216
U0192,16-01-2024,Tuesday,HIIT,81,622
U0211,04-01-2024,Thursday,Running,87,669
U0417,27-06-2024,Thursday,Walking,75,161
U0099,07-06-2024,Friday,HIIT,52,541
U0236,24-05-2024,Friday,Cycling,48,600
U0195,06-04-2024,Saturday,HIIT,80,392
U0433,21-04-2024,Sunday,Walking,62,154
U0462,26-06-2024,Wednesday,HIIT,80,628
U0337,09-01-2024,Tuesday,Cycling,60,356
U0476,20-01-2024,Saturday,Yoga,40,265
U0170,08-04-2024,Monday,Walking,37,125
U0224,29-02-2024,Thursday,Running,63,609
U0016,11-06-2024,Tuesday,Yoga,77,211
U0096,23-06-2024,Sunday,HIIT,68,715
U0043,09-03-2024,Saturday,Cycling,68,574
U0055,24-01-2024,Wednesday,Running,59,527
U0096,20-04-2024,Saturday,Strength,85,245
U0048,01-06-2024,Saturday,HIIT,61,548
U0372,23-05-2024,Thursday,Cycling,86,600
U0155,09-03-2024,Saturday,Strength,38,341
U0248,20-01-2024,Saturday,Yoga,52,246
U0070,18-03-2024,Monday,Running,70,470
U0221,15-06-2024,Saturday,HIIT,37,595
U0091,11-04-2024,Thursday,Yoga,57,245
U0167,06-04-2024,Saturday,Yoga,70,264
U0093,23-06-2024,Sunday,HIIT,23,758
U0426,26-06-2024,Wednesday,Running,72,644
U0338,09-02-2024,Friday,Walking,74,202
U0274,09-05-2024,Thursday,Walking,73,121
U0056,04-03-2024,Monday,Walking,65,202
U0496,25-03-2024,Monday,Strength,33,313
U0286,28-05-2024,Tuesday,Walking,48,250
U0354,08-05-2024,Wednesday,Cycling,64,497
U0060,06-02-2024,Tuesday,Yoga,59,172
U0244,25-01-2024,Thursday,Strength,77,222
U0012,28-03-2024,Thursday,Walking,33,241
U0082,25-03-2024,Monday,HIIT,74,445
U0203,08-01-2024,Monday,Walking,45,154
U0106,12-03-2024,Tuesday,Walking,28,183
U0101,27-04-2024,Saturday,Running,53,643
U0313,10-04-2024,Wednesday,HIIT,34,766
U0471,06-06-2024,Thursday,HIIT,30,472
U0060,16-02-2024,Friday,Yoga,38,227
U0217,17-02-2024,Saturday,Strength,88,484
U0148,05-02-2024,Monday,Cycling,60,567
U0070,19-02-2024,Monday,Strength,84,451
U0251,12-02-2024,Monday,Running,23,689
U0276,14-03-2024,Thursday,Cycling,78,503
U0059,09-03-2024,Saturday,HIIT,66,461
U0053,16-06-2024,Sunday,Cycling,58,480
U0225,31-01-2024,Wednesday,Cycling,46,551
U0085,06-06-2024,Thursday,Cycling,46,280
U0306,17-05-2024,Friday,Cycling,61,399
U0461,22-06-2024,Saturday,Running,37,684
U0360,03-02-2024,Saturday,Cycling,38,414
U0296,10-06-2024,Monday,Yoga,73,139
U0384,12-03-2024,Tuesday,Walking,67,123
U0375,27-04-2024,Saturday,Walking,65,154
U0254,09-03-2024,Saturday,Yoga,56,267
U0404,28-03-2024,Thursday,Walking,26,131
U0476,10-02-2024,Saturday,Strength,78,267
U0082,11-03-2024,Monday,Running,66,428
U0321,19-03-2024,Tuesday,Walking,49,154
U0245,20-01-2024,Saturday,Cycling,48,598
U0419,31-01-2024,Wednesday,Strength,36,396
U0053,21-03-2024,Thursday,Yoga,58,154
U0289,03-01-2024,Wednesday,HIIT,41,560
U0441,25-02-2024,Sunday,Running,32,371
U0162,05-02-2024,Monday,Cycling,55,293
U0399,25-06-2024,Tuesday,Running,58,405
U0152,14-06-2024,Friday,Running,50,553
U0271,04-01-2024,Thursday,Yoga,60,265
U0350,14-02-2024,Wednesday,Strength,29,207
U0021,16-01-2024,Tuesday,Strength,84,412
U0043,12-06-2024,Wednesday,HIIT,88,508
U0262,22-02-2024,Thursday,Cycling,88,450
U0374,02-03-2024,Saturday,Running,51,344
U0159,19-06-2024,Wednesday,Walking,42,227
U0488,29-03-2024,Friday,HIIT,86,414
U0376,31-01-2024,Wednesday,Running,62,519
U0322,20-01-2024,Saturday,Strength,78,455
U0086,04-04-2024,Thursday,Cycling,52,302
U0002,12-01-2024,Friday,Running,51,323
U0477,10-01-2024,Wednesday,HIIT,73,718
U0139,20-01-2024,Saturday,HIIT,67,441
U0412,12-05-2024,Sunday,Running,71,335
U0284,26-04-2024,Friday,Running,67,402
U0238,04-04-2024,Thursday,HIIT,83,427
U0478,14-04-2024,Sunday,Running,49,577
U0389,17-06-2024,Monday,Strength,59,321
U0493,16-01-2024,Tuesday,Cycling,55,272
U0235,22-01-2024,Monday,HIIT,32,388
U0032,21-04-2024,Sunday,Walking,36,200
U0359,24-03-2024,Sunday,Yoga,77,139
U0056,09-02-2024,Friday,Running,41,530
U0184,23-02-2024,Friday,Strength,59,246
U0424,29-06-2024,Saturday,Walking,25,163
U0496,01-04-2024,Monday,Strength,85,333
U0016,13-04-2024,Saturday,Strength,90,252
U0063,04-01-2024,Thursday,Running,48,366
U0299,30-05-2024,Thursday,Yoga,29,170
U0048,25-03-2024,Monday,Running,25,536
U0255,08-01-2024,Monday,Strength,74,295
U0229,08-02-2024,Thursday,Running,51,631
U0032,23-01-2024,Tuesday,Yoga,69,171
U0407,05-01-2024,Friday,Strength,65,376
U0165,09-04-2024,Tuesday,Yoga,43,272
U0030,30-04-2024,Tuesday,HIIT,65,401
U0337,02-03-2024,Saturday,Yoga,88,176
U0182,14-02-2024,Wednesday,Cycling,50,412
U0361,28-06-2024,Friday,Yoga,38,246
U0252,10-01-2024,Wednesday,Running,27,419
U0001,25-03-2024,Monday,HIIT,45,380
U0076,30-05-2024,Thursday,Walking,38,195
U0361,18-06-2024,Tuesday,Strength,32,269
U0406,12-06-2024,Wednesday,Strength,60,382
U0418,14-02-2024,Wednesday,Strength,59,290
U0486,28-06-2024,Friday,HIIT,70,658
U0472,05-06-2024,Wednesday,Cycling,33,322
U0164,12-02-2024,Monday,Walking,31,102
U0136,23-02-2024,Friday,Cycling,28,381
U0225,17-04-2024,Wednesday,Cycling,72,443
U0425,02-05-2024,Thursday,HIIT,48,500
U0164,07-03-2024,Thursday,Running,29,475
U0281,24-01-2024,Wednesday,Yoga,81,230
U0081,14-01-2024,Sunday,Running,62,405
U0136,18-06-2024,Tuesday,Yoga,58,132
U0431,05-05-2024,Sunday,Cycling,26,251
U0103,25-01-2024,Thursday,Running,46,387
U0158,11-04-2024,Thursday,Strength,82,478
U0190,07-04-2024,Sunday,Yoga,43,187
U0116,09-03-2024,Saturday,HIIT,27,692
U0414,18-05-2024,Saturday,Strength,49,467
U0352,01-05-2024,Wednesday,HIIT,50,787
U0258,26-05-2024,Sunday,HIIT,38,458
U0065,11-01-2024,Thursday,Strength,30,275
U0164,18-01-2024,Thursday,Running,69,584
U0267,27-04-2024,Saturday,Running,86,700
U0291,30-05-2024,Thursday,HIIT,32,794
U0451,29-03-2024,Friday,Strength,53,492
U0020,14-02-2024,Wednesday,Yoga,71,275
U0456,25-03-2024,Monday,Walking,50,186
U0419,18-03-2024,Monday,Yoga,55,145
U0499,23-04-2024,Tuesday,Yoga,54,274
U0109,14-04-2024,Sunday,Walking,82,140
U0034,20-03-2024,Wednesday,Walking,84,144
U0099,21-02-2024,Wednesday,Running,51,316
U0141,04-04-2024,Thursday,Strength,84,215
U0251,01-06-2024,Saturday,Strength,42,379
U0429,07-03-2024,Thursday,Walking,31,246
U0400,24-02-2024,Saturday,Cycling,48,355
U0443,23-06-2024,Sunday,Running,80,367
U0312,19-03-2024,Tuesday,Walking,55,155
U0239,18-03-2024,Monday,Walking,86,230
U0340,05-04-2024,Friday,HIIT,56,382
U0142,12-06-2024,Wednesday,Yoga,55,286
U0265,02-03-2024,Saturday,Running,71,638
U0336,07-05-2024,Tuesday,Yoga,53,219
U0418,18-02-2024,Sunday,Yoga,48,283
U0260,17-03-2024,Sunday,Cycling,43,299
U0372,23-05-2024,Thursday,Cycling,62,295
U0216,25-03-2024,Monday,Yoga,53,238
U0444,11-06-2024,Tuesday,HIIT,29,794
U0272,17-03-2024,Sunday,Strength,26,375
U0458,27-04-2024,Saturday,Cycling,60,342
U0161,11-06-2024,Tuesday,Running,20,531
U0251,23-01-2024,Tuesday,Cycling,75,469
U0003,10-01-2024,Wednesday,HIIT,45,737
U0098,05-01-2024,Friday,Walking,20,133
U0053,08-04-2024,Monday,HIIT,59,498
U0373,13-05-2024,Monday,HIIT,87,525
U0184,18-02-2024,Sunday,Cycling,71,366
U0302,09-05-2024,Thursday,Cycling,35,583
U0395,16-05-2024,Thursday,HIIT,26,684
U0025,25-06-2024,Tuesday,Running,73,527
U0360,09-02-2024,Friday,Cycling,21,465
U0139,08-06-2024,Saturday,HIIT,37,494
U0402,28-01-2024,Sunday,Strength,45,467
U0361,14-04-2024,Sunday,Yoga,40,247
U0170,01-03-2024,Friday,Running,21,643
U0077,24-01-2024,Wednesday,HIIT,29,583
U0136,28-04-2024,Sunday,Running,32,389
U0219,30-01-2024,Tuesday,Running,25,304
U0458,22-04-2024,Monday,HIIT,54,443
U0206,12-04-2024,Friday,Strength,54,285
U0357,16-01-2024,Tuesday,Cycling,33,552
U0093,05-06-2024,Wednesday,Strength,65,266
U0058,15-04-2024,Monday,Strength,25,360
U0393,27-05-2024,Monday,Walking,48,124
U0222,18-06-2024,Tuesday,Walking,51,242
U0457,05-06-2024,Wednesday,Running,21,629
U0446,12-02-2024,Monday,Running,82,464
U0115,20-05-2024,Monday,Walking,68,246
U0230,23-01-2024,Tuesday,Strength,77,209
U0212,10-01-2024,Wednesday,HIIT,90,610
U0106,16-06-2024,Sunday,Walking,78,216
U0170,23-05-2024,Thursday,HIIT,80,408
U0389,17-06-2024,Monday,Cycling,20,431
U0192,28-06-2024,Friday,Running,25,384
U0313,20-02-2024,Tuesday,Cycling,35,360
U0056,16-04-2024,Tuesday,Running,35,695
U0003,15-05-2024,Wednesday,Walking,26,145
U0355,28-05-2024,Tuesday,Cycling,36,448
U0215,04-06-2024,Tuesday,Walking,51,134
U0071,15-04-2024,Monday,HIIT,85,673
U0103,23-02-2024,Friday,HIIT,57,713
U0258,18-05-2024,Saturday,Walking,61,249
U0293,19-06-2024,Wednesday,Walking,73,103
U0268,28-01-2024,Sunday,Running,68,374
U0385,11-02-2024,Sunday,Yoga,52,296
U0017,01-04-2024,Monday,Strength,33,314
U0200,01-03-2024,Friday,HIIT,56,548
U0490,24-06-2024,Monday,Yoga,90,184
U0425,27-02-2024,Tuesday,Walking,67,149
U0151,24-04-2024,Wednesday,Cycling,29,338
U0220,12-03-2024,Tuesday,HIIT,53,352
U0239,09-02-2024,Friday,Running,39,465
U0282,01-04-2024,Monday,Running,60,569
U0082,16-04-2024,Tuesday,HIIT,88,459
U0170,02-04-2024,Tuesday,Yoga,47,255
U0059,20-06-2024,Thursday,Yoga,77,277
U0196,30-01-2024,Tuesday,Strength,52,464
U0264,10-05-2024,Friday,Strength,82,298
U0043,25-01-2024,Thursday,Cycling,88,253
U0443,24-06-2024,Monday,Strength,33,422
U0383,24-06-2024,Monday,Cycling,23,419
U0092,05-03-2024,Tuesday,HIIT,29,548
U0323,13-04-2024,Saturday,Strength,60,260
U0329,07-06-2024,Friday,Running,25,658
U0403,24-06-2024,Monday,Yoga,31,217
U0243,10-02-2024,Saturday,HIIT,48,674
U0153,22-06-2024,Saturday,Walking,67,110
U0003,26-05-2024,Sunday,HIIT,70,457
U0109,15-04-2024,Monday,Walking,85,164
U0100,30-01-2024,Tuesday,Cycling,26,531
U0344,18-01-2024,Thursday,Yoga,32,244
U0344,16-06-2024,Sunday,Cycling,32,567
U0231,25-03-2024,Monday,HIIT,59,640
U0414,21-03-2024,Thursday,Strength,41,313
U0142,02-04-2024,Tuesday,Cycling,62,486
U0250,21-05-2024,Tuesday,Running,42,630
U0457,17-05-2024,Friday,Cycling,53,570
U0324,08-01-2024,Monday,HIIT,71,632
U0279,18-05-2024,Saturday,Strength,39,348
U0257,10-05-2024,Friday,Running,70,486
U0388,11-05-2024,Saturday,Cycling,77,341
U0377,03-05-2024,Friday,Yoga,25,179
U0120,11-01-2024,Thursday,Walking,46,111
U0021,15-06-2024,Saturday,Yoga,33,282
U0297,19-05-2024,Sunday,HIIT,42,650
U0265,05-03-2024,Tuesday,Strength,48,376
U0455,03-06-2024,Monday,Running,84,371
U0330,12-03-2024,Tuesday,Cycling,39,330
U0213,25-03-2024,Monday,Walking,34,141
U0332,15-04-2024,Monday,Running,51,322
U0021,26-05-2024,Sunday,Cycling,27,382
U0327,05-01-2024,Friday,Walking,56,223
U0088,26-02-2024,Monday,Strength,38,461
U0371,24-06-2024,Monday,Yoga,78,137
U0068,28-01-2024,Sunday,Running,45,567
U0311,25-01-2024,Thursday,Cycling,80,557
U0048,03-05-2024,Friday,Walking,36,207
U0190,12-01-2024,Friday,Walking,87,250
U0412,27-06-2024,Thursday,HIIT,32,742
U0466,22-01-2024,Monday,Yoga,89,168
U0296,13-05-2024,Monday,Running,86,303
U0210,02-04-2024,Tuesday,Running,39,518
U0217,24-05-2024,Friday,Yoga,55,172
U0248,15-02-2024,Thursday,Yoga,81,267
U0377,05-02-2024,Monday,Walking,35,154
U0261,12-04-2024,Friday,Yoga,90,300
U0494,11-06-2024,Tuesday,Running,31,374
U0135,26-02-2024,Monday,Yoga,30,218
U0147,01-06-2024,Saturday,Running,42,627
U0147,19-02-2024,Monday,Running,85,564
U0185,02-03-2024,Saturday,Walking,20,201
U0208,30-05-2024,Thursday,Cycling,86,285
U0469,29-05-2024,Wednesday,Yoga,64,275
U0295,02-01-2024,Tuesday,Yoga,42,147
U0151,28-03-2024,Thursday,Running,85,431
U0495,06-04-2024,Saturday,HIIT,81,698
U0460,30-05-2024,Thursday,Running,81,359
U0347,28-06-2024,Friday,Cycling,60,430
U0128,14-03-2024,Thursday,Running,71,644
U0161,31-03-2024,Sunday,Cycling,54,599
U0121,02-03-2024,Saturday,Yoga,46,183
U0062,21-01-2024,Sunday,Walking,83,223
U0191,07-06-2024,Friday,Yoga,83,245
U0144,11-04-2024,Thursday,Cycling,36,519
U0258,29-03-2024,Friday,Strength,42,465
U0353,03-01-2024,Wednesday,Running,46,494
U0096,20-05-2024,Monday,Yoga,50,276
U0256,18-04-2024,Thursday,Cycling,73,440
U0093,26-05-2024,Sunday,Cycling,49,388
U0101,07-02-2024,Wednesday,Walking,39,134
U0458,10-06-2024,Monday,HIIT,88,478
U0440,25-05-2024,Saturday,Running,70,350
U0244,10-06-2024,Monday,Running,77,681
U0286,06-03-2024,Wednesday,Yoga,22,209
U0333,15-06-2024,Saturday,HIIT,42,694
U0250,24-04-2024,Wednesday,Running,68,614
U0328,27-03-2024,Wednesday,Strength,71,375
U0163,16-06-2024,Sunday,Yoga,54,221
U0383,30-05-2024,Thursday,HIIT,77,414
U0339,05-03-2024,Tuesday,Walking,30,116
U0480,01-05-2024,Wednesday,HIIT,26,403
U0317,09-02-2024,Friday,Running,69,458
U0068,14-05-2024,Tuesday,Cycling,23,589
U0240,18-05-2024,Saturday,Yoga,90,298
U0324,11-06-2024,Tuesday,HIIT,75,508
U0247,18-05-2024,Saturday,Cycling,31,407
U0156,03-01-2024,Wednesday,Running,86,688
U0005,25-06-2024,Tuesday,Strength,81,349
U0408,02-01-2024,Tuesday,HIIT,67,552
U0084,14-06-2024,Friday,Strength,68,416
U0265,05-06-2024,Wednesday,Walking,54,148
U0437,18-01-2024,Thursday,Cycling,37,306
U0140,28-06-2024,Friday,HIIT,82,375
U0012,17-02-2024,Saturday,Running,56,437
U0078,04-01-2024,Thursday,Strength,47,455
U0357,09-01-2024,Tuesday,Yoga,30,134
U0037,19-05-2024,Sunday,Strength,43,206
U0198,23-04-2024,Tuesday,Cycling,24,485
U0243,09-04-2024,Tuesday,Walking,59,240
U0267,01-02-2024,Thursday,Yoga,81,170
U0499,29-01-2024,Monday,Cycling,75,257
U0203,03-03-2024,Sunday,Running,25,597
U0128,10-02-2024,Saturday,Strength,31,230
U0331,09-02-2024,Friday,Walking,88,242
U0404,14-06-2024,Friday,Yoga,76,125
U0129,11-01-2024,Thursday,Strength,76,450
U0096,19-05-2024,Sunday,Yoga,61,190
U0272,09-02-2024,Friday,Strength,57,432
U0195,17-02-2024,Saturday,Running,66,697
U0338,17-05-2024,Friday,Strength,44,482
U0166,14-04-2024,Sunday,Walking,61,133
U0092,09-01-2024,Tuesday,Cycling,33,348
U0337,05-05-2024,Sunday,HIIT,52,356
U0336,05-05-2024,Sunday,Running,79,627
U0421,04-04-2024,Thursday,Walking,27,118
U0428,18-03-2024,Monday,Running,47,565
U0098,19-02-2024,Monday,HIIT,51,733
U0213,28-01-2024,Sunday,Walking,65,142
U0406,16-02-2024,Friday,HIIT,71,623
U0478,31-03-2024,Sunday,Yoga,90,225
U0312,02-03-2024,Saturday,HIIT,89,534
U0230,11-04-2024,Thursday,Running,24,445
U0004,17-03-2024,Sunday,Cycling,47,261
U0285,26-05-2024,Sunday,HIIT,39,429
U0136,03-04-2024,Wednesday,HIIT,51,642
U0292,25-02-2024,Sunday,Walking,29,247
U0420,25-01-2024,Thursday,HIIT,58,749
U0472,26-03-2024,Tuesday,Yoga,75,178
U0028,19-03-2024,Tuesday,HIIT,25,517
U0358,26-02-2024,Monday,Cycling,26,451
U0114,20-04-2024,Saturday,Yoga,70,206
U0382,13-01-2024,Saturday,HIIT,71,572
U0391,04-02-2024,Sunday,Strength,45,492
U0316,14-05-2024,Tuesday,Cycling,51,386
U0046,29-01-2024,Monday,Walking,72,188
U0305,16-06-2024,Sunday,Running,59,386
U0226,12-01-2024,Friday,Cycling,45,441
U0125,07-06-2024,Friday,Cycling,56,425
U0242,06-01-2024,Saturday,Yoga,46,174
U0385,07-03-2024,Thursday,HIIT,81,542
U0464,18-06-2024,Tuesday,HIIT,25,452
U0028,29-04-2024,Monday,Walking,21,192
U0443,28-01-2024,Sunday,Running,57,632
U0463,21-03-2024,Thursday,Strength,88,456
U0475,06-01-2024,Saturday,Running,51,571
U0010,29-03-2024,Friday,Walking,65,170
U0416,16-01-2024,Tuesday,Walking,52,138
U0175,10-04-2024,Wednesday,Walking,37,161
U0294,09-02-2024,Friday,Strength,59,477
U0335,05-02-2024,Monday,HIIT,89,702
U0466,04-02-2024,Sunday,Strength,38,362
U0273,31-01-2024,Wednesday,Cycling,60,265
U0227,12-06-2024,Wednesday,Walking,55,106
U0391,05-06-2024,Wednesday,HIIT,54,655
U0119,24-06-2024,Monday,Running,65,340
U0365,15-06-2024,Saturday,Yoga,43,241
U0116,09-01-2024,Tuesday,Strength,21,303
U0034,15-02-2024,Thursday,Strength,82,326
U0398,11-01-2024,Thursday,HIIT,68,654
U0269,13-06-2024,Thursday,Walking,24,110
U0450,03-03-2024,Sunday,HIIT,88,614
U0098,15-03-2024,Friday,Strength,70,285
U0314,14-01-2024,Sunday,Walking,86,228
U0058,16-02-2024,Friday,HIIT,89,580
U0092,26-04-2024,Friday,HIIT,45,704
U0368,01-02-2024,Thursday,Running,34,661
U0363,08-04-2024,Monday,Walking,85,111
U0394,13-02-2024,Tuesday,Yoga,39,165
U0159,24-04-2024,Wednesday,Yoga,43,171
U0007,27-04-2024,Saturday,Strength,83,452
U0302,17-06-2024,Monday,Strength,78,203
U0143,07-06-2024,Friday,Walking,46,189
U0019,07-02-2024,Wednesday,Running,58,469
U0083,21-06-2024,Friday,Yoga,42,212
U0166,04-04-2024,Thursday,Strength,28,233
U0069,01-02-2024,Thursday,Walking,55,153
U0314,15-01-2024,Monday,Running,87,344
U0133,14-05-2024,Tuesday,HIIT,65,616
U0253,16-02-2024,Friday,HIIT,49,410
U0239,09-06-2024,Sunday,Running,46,615
U0287,12-06-2024,Wednesday,Cycling,21,353
U0158,17-03-2024,Sunday,HIIT,90,524
U0371,25-05-2024,Saturday,HIIT,23,694
U0470,01-05-2024,Wednesday,Running,37,546
U0459,26-03-2024,Tuesday,Strength,72,353
U0285,17-05-2024,Friday,Running,46,595
U0144,08-01-2024,Monday,Yoga,68,162
U0096,01-06-2024,Saturday,Running,59,661
U0255,01-03-2024,Friday,Yoga,77,254
U0192,10-01-2024,Wednesday,Cycling,31,509
U0098,28-03-2024,Thursday,Strength,87,250
U0347,03-02-2024,Saturday,Cycling,24,448
U0478,12-01-2024,Friday,Walking,31,179
U0012,27-05-2024,Monday,Yoga,46,169
U0164,22-04-2024,Monday,Walking,35,103
U0491,08-06-2024,Saturday,HIIT,85,631
U0139,06-02-2024,Tuesday,Walking,56,186
U0277,23-04-2024,Tuesday,Running,36,314
U0028,23-01-2024,Tuesday,Strength,70,428
U0160,26-03-2024,Tuesday,Cycling,88,488
U0050,26-04-2024,Friday,Yoga,79,177
U0468,03-04-2024,Wednesday,Strength,43,366
U0016,17-01-2024,Wednesday,Strength,34,287
U0310,27-05-2024,Monday,Cycling,85,457
U0406,18-03-2024,Monday,HIIT,79,667
U0281,10-02-2024,Saturday,Strength,69,420
U0291,28-03-2024,Thursday,HIIT,50,728
U0429,04-05-2024,Saturday,Running,79,466
U0490,13-04-2024,Saturday,Running,33,650
U0047,25-02-2024,Sunday,Cycling,20,325
U0150,09-04-2024,Tuesday,HIIT,77,503
U0407,22-06-2024,Saturday,Yoga,75,142
U0207,02-02-2024,Friday,Yoga,27,133
U0421,01-04-2024,Monday,Running,56,315
U0365,07-04-2024,Sunday,Strength,68,288
U0097,22-05-2024,Wednesday,Strength,66,264
U0037,14-06-2024,Friday,Running,38,669
U0071,13-06-2024,Thursday,Strength,78,292
U0218,21-05-2024,Tuesday,Strength,69,417
U0296,07-05-2024,Tuesday,Walking,50,247
U0188,09-01-2024,Tuesday,Running,81,660
U0073,14-05-2024,Tuesday,Yoga,79,253
U0323,18-06-2024,Tuesday,Walking,29,113
U0463,28-03-2024,Thursday,HIIT,21,643
U0216,31-03-2024,Sunday,Yoga,57,297
U0134,16-01-2024,Tuesday,Walking,80,174
U0415,08-06-2024,Saturday,Running,56,548
U0130,03-02-2024,Saturday,HIIT,55,659
U0466,31-05-2024,Friday,Walking,39,160
U0249,16-02-2024,Friday,HIIT,24,778
U0386,15-04-2024,Monday,Strength,50,285
U0376,29-03-2024,Friday,Running,53,686
U0244,18-03-2024,Monday,Strength,88,399
U0075,15-05-2024,Wednesday,Strength,21,361
U0050,16-05-2024,Thursday,Walking,65,169
U0137,26-01-2024,Friday,Yoga,70,181
U0347,25-06-2024,Tuesday,Cycling,60,255
U0007,15-04-2024,Monday,Running,87,353
U0129,19-02-2024,Monday,Running,23,617
U0363,31-01-2024,Wednesday,Running,36,492
U0459,29-01-2024,Monday,Walking,43,216
U0473,11-03-2024,Monday,Strength,61,341
U0196,09-04-2024,Tuesday,Yoga,27,165
U0476,21-02-2024,Wednesday,HIIT,70,423
U0394,20-04-2024,Saturday,Cycling,33,382
U0293,05-03-2024,Tuesday,Strength,22,200
U0137,08-02-2024,Thursday,Walking,62,225
U0245,21-04-2024,Sunday,Strength,28,396
U0063,25-05-2024,Saturday,HIIT,65,378
U0188,16-05-2024,Thursday,Yoga,30,285
U0021,08-04-2024,Monday,Walking,44,121
U0454,10-06-2024,Monday,Strength,44,212
U0251,09-04-2024,Tuesday,Running,89,629
U0495,05-01-2024,Friday,Running,63,328
U0414,16-06-2024,Sunday,Walking,86,248
U0120,19-01-2024,Friday,Running,38,550
U0125,28-06-2024,Friday,Walking,36,124
U0234,05-06-2024,Wednesday,Cycling,28,308
U0219,27-03-2024,Wednesday,Walking,71,135
U0165,24-02-2024,Saturday,Running,42,471
U0087,27-06-2024,Thursday,Yoga,90,182
U0052,10-06-2024,Monday,HIIT,68,391
U0004,15-02-2024,Thursday,Running,56,513
U0328,10-03-2024,Sunday,HIIT,77,655
U0368,07-05-2024,Tuesday,HIIT,31,352
U0121,19-02-2024,Monday,Running,87,348
U0238,09-06-2024,Sunday,Walking,46,138
U0351,01-05-2024,Wednesday,Strength,42,227
U0146,23-02-2024,Friday,Strength,52,222
U0474,17-05-2024,Friday,Cycling,40,498
U0370,23-04-2024,Tuesday,HIIT,61,467
U0167,28-02-2024,Wednesday,Running,50,677
U0242,29-05-2024,Wednesday,Strength,26,432
U0192,04-02-2024,Sunday,Strength,44,303
U0017,26-06-2024,Wednesday,HIIT,27,584
U0088,28-03-2024,Thursday,Cycling,57,330
U0438,28-02-2024,Wednesday,Running,72,567
U0143,04-01-2024,Thursday,Walking,74,248
U0114,31-05-2024,Friday,Cycling,20,272
U0018,18-04-2024,Thursday,HIIT,70,473
U0286,04-01-2024,Thursday,Walking,72,123
U0009,02-05-2024,Thursday,Walking,59,216
U0238,05-02-2024,Monday,Walking,71,100
U0441,09-06-2024,Sunday,Running,69,653
U0386,10-03-2024,Sunday,Walking,89,185
U0377,15-01-2024,Monday,HIIT,66,588
U0188,03-04-2024,Wednesday,Cycling,28,354
U0059,15-06-2024,Saturday,Strength,46,380
U0349,18-04-2024,Thursday,Yoga,26,208
U0270,01-02-2024,Thursday,Strength,88,431
U0410,21-06-2024,Friday,Walking,28,145
U0148,20-01-2024,Saturday,Running,41,441
U0448,22-02-2024,Thursday,HIIT,22,417
U0178,17-04-2024,Wednesday,Strength,22,211
U0428,13-05-2024,Monday,Walking,62,235
U0432,20-05-2024,Monday,Strength,78,356
U0117,03-05-2024,Friday,Yoga,56,157
U0490,12-02-2024,Monday,HIIT,40,439
U0083,01-03-2024,Friday,Running,25,462
U0095,22-02-2024,Thursday,HIIT,24,540
U0277,11-02-2024,Sunday,HIIT,58,743
U0486,27-04-2024,Saturday,Yoga,39,249
U0243,15-03-2024,Friday,HIIT,38,724
U0461,11-01-2024,Thursday,Cycling,90,407
U0229,01-04-2024,Monday,Running,61,328
U0114,12-03-2024,Tuesday,Cycling,22,525
U0100,05-05-2024,Sunday,Yoga,85,212
U0190,08-04-2024,Monday,Yoga,21,209
U0045,25-02-2024,Sunday,Walking,76,208
U0374,16-04-2024,Tuesday,Cycling,31,356
U0172,17-01-2024,Wednesday,HIIT,68,562
U0285,28-04-2024,Sunday,Walking,37,225
U0022,18-03-2024,Monday,HIIT,58,363
U0079,08-03-2024,Friday,Yoga,80,290
U0252,25-06-2024,Tuesday,Walking,51,192
U0298,03-05-2024,Friday,HIIT,75,705
U0192,11-05-2024,Saturday,Walking,22,181
U0237,26-06-2024,Wednesday,Cycling,65,277
U0025,15-03-2024,Friday,Yoga,87,251
U0392,25-01-2024,Thursday,HIIT,41,488
U0050,16-05-2024,Thursday,HIIT,65,494
U0399,04-05-2024,Saturday,Strength,63,279
U0426,18-02-2024,Sunday,HIIT,87,563
U0470,20-01-2024,Saturday,Running,36,308
U0072,23-04-2024,Tuesday,HIIT,86,364
U0114,02-02-2024,Friday,Walking,38,133
U0041,18-04-2024,Thursday,Walking,34,150
U0056,09-01-2024,Tuesday,Walking,85,111
U0034,18-03-2024,Monday,Walking,21,151
U0095,20-06-2024,Thursday,Yoga,23,191
U0083,08-05-2024,Wednesday,Walking,50,248
U0391,04-01-2024,Thursday,HIIT,47,736
U0003,26-01-2024,Friday,Cycling,84,493
U0093,31-03-2024,Sunday,Strength,74,408
U0064,29-04-2024,Monday,Running,86,369
U0043,24-03-2024,Sunday,Strength,34,359
U0116,21-05-2024,Tuesday,Strength,57,443
U0092,04-01-2024,Thursday,Walking,82,121
U0062,06-02-2024,Tuesday,Strength,71,286
U0500,20-02-2024,Tuesday,Yoga,45,151
U0372,07-05-2024,Tuesday,Yoga,54,222
U0249,10-05-2024,Friday,Yoga,38,147
U0255,29-02-2024,Thursday,Walking,37,106
U0498,15-02-2024,Thursday,Strength,61,249
U0339,13-05-2024,Monday,Strength,79,454
U0134,18-05-2024,Saturday,Yoga,89,128
U0197,25-04-2024,Thursday,Yoga,68,129
U0338,18-03-2024,Monday,Walking,41,199
U0250,29-01-2024,Monday,HIIT,82,642
U0244,23-05-2024,Thursday,Cycling,84,450
U0316,22-06-2024,Saturday,Yoga,56,127
U0179,29-05-2024,Wednesday,Running,63,494
U0180,15-01-2024,Monday,Walking,51,121
U0467,25-06-2024,Tuesday,Running,59,358
U0020,27-04-2024,Saturday,Walking,74,220
U0302,06-01-2024,Saturday,Yoga,68,202
U0052,25-06-2024,Tuesday,Walking,46,176
U0187,21-04-2024,Sunday,Cycling,83,288
U0025,17-03-2024,Sunday,HIIT,71,398
U0140,18-01-2024,Thursday,HIIT,87,757
U0334,18-03-2024,Monday,HIIT,58,452
U0206,05-03-2024,Tuesday,HIIT,85,359
U0442,17-02-2024,Saturday,HIIT,83,676
U0415,06-06-2024,Thursday,Strength,27,436
U0078,24-06-2024,Monday,Yoga,75,136
U0137,14-03-2024,Thursday,Walking,40,129
U0077,19-02-2024,Monday,Running,51,458
U0332,10-01-2024,Wednesday,Cycling,40,319
U0338,20-05-2024,Monday,Cycling,25,498
U0161,03-06-2024,Monday,Yoga,28,291
U0121,29-01-2024,Monday,HIIT,84,746
U0129,07-05-2024,Tuesday,Running,50,607
U0378,09-04-2024,Tuesday,Walking,50,154
U0497,11-03-2024,Monday,Strength,72,451
U0359,29-01-2024,Monday,Yoga,89,294
U0186,01-05-2024,Wednesday,Walking,67,113
U0354,20-06-2024,Thursday,Cycling,52,446
U0274,01-03-2024,Friday,Strength,69,354
U0153,23-02-2024,Friday,Cycling,76,412
U0141,21-01-2024,Sunday,Strength,80,416
U0423,11-02-2024,Sunday,Walking,53,240
U0378,24-03-2024,Sunday,Strength,23,294
U0406,13-06-2024,Thursday,Cycling,20,352
U0043,29-01-2024,Monday,Cycling,51,582
U0232,02-05-2024,Thursday,Walking,37,172
U0102,22-01-2024,Monday,Strength,67,492
U0486,06-01-2024,Saturday,HIIT,49,709
U0026,12-04-2024,Friday,HIIT,74,538
U0485,25-05-2024,Saturday,Running,21,667
U0061,27-02-2024,Tuesday,Walking,46,133
U0221,22-02-2024,Thursday,HIIT,47,442
U0406,07-02-2024,Wednesday,Running,57,434
U0299,24-06-2024,Monday,Walking,78,182
U0499,26-06-2024,Wednesday,Strength,47,331
U0286,16-01-2024,Tuesday,Running,62,420
U0259,07-06-2024,Friday,Strength,58,267
U0298,15-02-2024,Thursday,Yoga,41,206
U0163,15-05-2024,Wednesday,Strength,38,222
U0447,12-03-2024,Tuesday,Walking,66,180
U0224,12-02-2024,Monday,Yoga,82,262
U0077,14-01-2024,Sunday,Cycling,43,490
U0224,30-01-2024,Tuesday,Strength,25,448
U0058,07-02-2024,Wednesday,Running,64,347
U0384,10-05-2024,Friday,Yoga,47,254
U0472,20-01-2024,Saturday,Cycling,83,298
U0202,05-04-2024,Friday,HIIT,33,585
U0233,09-06-2024,Sunday,Yoga,20,287
U0067,24-02-2024,Saturday,Running,56,465
U0048,12-04-2024,Friday,Yoga,42,142
U0084,09-04-2024,Tuesday,Strength,56,261
U0411,20-04-2024,Saturday,Walking,59,124
U0427,04-04-2024,Thursday,HIIT,45,487
U0308,18-04-2024,Thursday,Running,74,488
U0048,11-01-2024,Thursday,HIIT,63,603
U0323,14-06-2024,Friday,HIIT,30,760
U0154,08-02-2024,Thursday,Cycling,58,517
U0283,20-01-2024,Saturday,Running,85,355
U0339,25-05-2024,Saturday,Yoga,65,140
U0380,18-06-2024,Tuesday,Strength,42,242
U0161,30-05-2024,Thursday,Walking,78,147
U0109,17-02-2024,Saturday,Running,53,644
U0203,30-01-2024,Tuesday,Running,41,635
U0156,07-06-2024,Friday,HIIT,66,761
U0045,02-02-2024,Friday,Cycling,21,307
U0108,03-05-2024,Friday,Walking,38,122
U0155,28-04-2024,Sunday,Cycling,80,261
U0494,04-05-2024,Saturday,Strength,22,303
U0425,10-04-2024,Wednesday,Running,62,304
U0378,28-05-2024,Tuesday,HIIT,90,598
U0303,05-06-2024,Wednesday,Walking,82,247
U0162,21-05-2024,Tuesday,Running,54,631
U0230,27-06-2024,Thursday,Strength,22,440
U0119,09-05-2024,Thursday,Cycling,63,586
U0492,16-04-2024,Tuesday,Walking,66,122
U0342,03-05-2024,Friday,Cycling,42,330
U0483,06-05-2024,Monday,Yoga,50,132
U0183,22-06-2024,Saturday,Cycling,42,266
U0317,28-02-2024,Wednesday,Running,48,549
U0395,22-05-2024,Wednesday,Yoga,39,274
U0475,22-04-2024,Monday,Strength,34,252
U0022,09-05-2024,Thursday,Running,41,622
U0363,23-04-2024,Tuesday,HIIT,83,521
U0063,21-02-2024,Wednesday,Strength,73,442
U0259,13-02-2024,Tuesday,Running,54,490
U0216,28-02-2024,Wednesday,Cycling,74,459
U0484,08-01-2024,Monday,Strength,38,235
U0162,12-04-2024,Friday,Cycling,75,451
U0324,18-06-2024,Tuesday,HIIT,57,797
U0370,21-03-2024,Thursday,Yoga,21,276
U0229,13-06-2024,Thursday,Cycling,89,566
U0455,15-06-2024,Saturday,Strength,45,475
U0372,02-02-2024,Friday,HIIT,89,632
U0267,28-03-2024,Thursday,Walking,40,177
U0372,18-04-2024,Thursday,HIIT,34,671
U0182,01-02-2024,Thursday,Running,35,529
U0121,28-05-2024,Tuesday,HIIT,88,495
U0345,05-02-2024,Monday,Walking,68,249
U0099,02-04-2024,Tuesday,Strength,32,241
U0218,03-02-2024,Saturday,Strength,47,469
U0287,12-05-2024,Sunday,Strength,53,416
U0375,16-04-2024,Tuesday,Cycling,38,315
U0442,15-05-2024,Wednesday,Running,47,533
U0472,31-01-2024,Wednesday,HIIT,72,498
U0268,09-02-2024,Friday,Running,67,456
U0406,06-02-2024,Tuesday,Cycling,73,406
U0002,01-02-2024,Thursday,HIIT,64,643
U0290,25-04-2024,Thursday,Yoga,68,153
U0390,25-04-2024,Thursday,Walking,77,159
U0461,11-04-2024,Thursday,Yoga,89,233
U0444,12-02-2024,Monday,Walking,23,131
U0330,23-05-2024,Thursday,Running,44,616
U0097,01-05-2024,Wednesday,HIIT,22,359
U0403,22-02-2024,Thursday,Cycling,76,523
U0024,05-05-2024,Sunday,Running,63,523
U0163,07-04-2024,Sunday,Yoga,31,258
U0094,06-03-2024,Wednesday,Running,39,457
U0093,07-01-2024,Sunday,Walking,27,205
U0458,23-03-2024,Saturday,Yoga,68,171
U0122,06-05-2024,Monday,HIIT,84,512
U0284,14-04-2024,Sunday,Running,81,314
U0284,30-05-2024,Thursday,Walking,32,245
U0209,24-04-2024,Wednesday,Running,84,404
U0276,18-04-2024,Thursday,HIIT,77,684
U0001,16-01-2024,Tuesday,Strength,54,394
U0300,10-05-2024,Friday,Yoga,25,264
U0203,27-06-2024,Thursday,Running,37,671
U0491,22-03-2024,Friday,Walking,63,182
U0175,23-02-2024,Friday,Strength,62,201
U0003,03-01-2024,Wednesday,Walking,42,200
U0276,21-01-2024,Sunday,Walking,29,131
U0181,06-04-2024,Saturday,HIIT,65,413
U0190,19-02-2024,Monday,Strength,21,383
U0418,06-06-2024,Thursday,Walking,58,109
U0144,06-05-2024,Monday,Walking,46,171
U0292,08-05-2024,Wednesday,Strength,41,489
U0090,17-01-2024,Wednesday,HIIT,36,641
U0452,13-05-2024,Monday,Walking,55,164
U0349,23-05-2024,Thursday,Strength,20,226
U0222,14-04-2024,Sunday,Yoga,35,239
U0389,12-01-2024,Friday,Walking,48,180
U0003,10-04-2024,Wednesday,Cycling,62,542
U0491,20-01-2024,Saturday,Cycling,45,418
U0015,02-05-2024,Thursday,Strength,23,328
U0243,02-03-2024,Saturday,Yoga,26,180
U0392,25-01-2024,Thursday,Walking,77,196
U0161,26-06-2024,Wednesday,Running,36,331
U0034,27-01-2024,Saturday,Walking,27,124
U0317,15-04-2024,Monday,Cycling,21,446
U0174,15-06-2024,Saturday,Walking,23,127
U0053,04-01-2024,Thursday,HIIT,28,676
U0132,31-03-2024,Sunday,Strength,81,295
U0409,12-01-2024,Friday,Running,36,459
U0160,29-05-2024,Wednesday,HIIT,38,499
U0497,03-01-2024,Wednesday,HIIT,38,789
U0217,29-03-2024,Friday,Cycling,45,353
U0356,26-06-2024,Wednesday,Strength,62,353
U0084,27-01-2024,Saturday,Strength,25,314
U0239,08-06-2024,Saturday,Cycling,50,419
U0423,02-01-2024,Tuesday,Yoga,21,127
U0149,22-04-2024,Monday,Cycling,66,265
U0113,08-03-2024,Friday,Walking,42,105
U0091,08-03-2024,Friday,Running,22,646
U0157,26-04-2024,Friday,Cycling,67,588
U0450,17-01-2024,Wednesday,Running,38,366
U0163,02-06-2024,Sunday,Strength,51,296
U0151,08-02-2024,Thursday,Yoga,51,191
U0496,29-05-2024,Wednesday,Strength,46,233
U0199,14-06-2024,Friday,HIIT,67,514
U0270,26-06-2024,Wednesday,Strength,83,405
U0333,10-01-2024,Wednesday,Cycling,48,481
U0218,06-04-2024,Saturday,HIIT,40,418
U0152,23-04-2024,Tuesday,HIIT,65,612
U0219,25-04-2024,Thursday,Strength,75,362
U0013,15-02-2024,Thursday,Strength,49,383
U0432,08-05-2024,Wednesday,HIIT,89,400
U0037,02-04-2024,Tuesday,Running,89,402
U0382,23-06-2024,Sunday,Yoga,44,155
U0395,17-03-2024,Sunday,Yoga,64,223
U0242,16-06-2024,Sunday,HIIT,39,592
U0265,30-05-2024,Thursday,HIIT,79,510
U0220,27-06-2024,Thursday,Strength,46,215
U0296,02-02-2024,Friday,Yoga,21,210
U0218,24-06-2024,Monday,Strength,88,211
U0473,05-02-2024,Monday,Cycling,62,572
U0196,22-02-2024,Thursday,Strength,28,443
U0292,25-04-2024,Thursday,Walking,58,108
U0424,25-06-2024,Tuesday,HIIT,82,547
U0106,29-02-2024,Thursday,Yoga,87,134
U0088,24-03-2024,Sunday,Strength,70,474
U0381,18-01-2024,Thursday,Strength,46,421
U0082,03-06-2024,Monday,HIIT,59,491
U0004,06-02-2024,Tuesday,Strength,28,469
U0451,05-05-2024,Sunday,Strength,79,347
U0178,28-06-2024,Friday,Walking,58,145
U0461,07-06-2024,Friday,Walking,75,245
U0049,10-04-2024,Wednesday,Walking,25,117
U0358,25-02-2024,Sunday,Strength,72,388
U0259,24-03-2024,Sunday,Strength,77,459
U0014,19-01-2024,Friday,Walking,79,109
U0006,05-03-2024,Tuesday,Running,37,467
U0043,20-05-2024,Monday,Walking,51,171
U0431,11-02-2024,Sunday,Cycling,22,301
U0380,10-04-2024,Wednesday,Cycling,29,255
U0184,15-02-2024,Thursday,Cycling,24,522
U0429,11-06-2024,Tuesday,HIIT,33,656
U0025,06-04-2024,Saturday,Cycling,51,372
U0015,04-01-2024,Thursday,Yoga,44,136
U0371,12-02-2024,Monday,Running,73,562
U0320,23-02-2024,Friday,HIIT,70,404
U0166,14-02-2024,Wednesday,Running,71,634
U0113,17-01-2024,Wednesday,Walking,55,155
U0211,18-03-2024,Monday,HIIT,83,478
U0308,24-03-2024,Sunday,Walking,69,181
U0436,19-06-2024,Wednesday,Strength,28,499
U0262,12-06-2024,Wednesday,Walking,49,105
U0316,01-02-2024,Thursday,Yoga,50,182
U0192,07-05-2024,Tuesday,Yoga,45,172
U0379,25-03-2024,Monday,Cycling,55,579
U0332,14-03-2024,Thursday,Running,49,675
U0028,19-06-2024,Wednesday,Cycling,48,445
U0323,02-01-2024,Tuesday,Running,82,335
U0047,14-02-2024,Wednesday,HIIT,90,568
U0160,12-02-2024,Monday,Walking,45,173
U0296,24-04-2024,Wednesday,Walking,45,196
U0086,30-04-2024,Tuesday,Strength,74,279
U0011,07-04-2024,Sunday,Strength,30,475
U0373,14-02-2024,Wednesday,Yoga,68,236
U0311,03-05-2024,Friday,Running,62,369
U0007,08-05-2024,Wednesday,Walking,67,195
U0197,05-05-2024,Sunday,Yoga,29,151
U0100,21-04-2024,Sunday,Yoga,64,282
U0334,08-04-2024,Monday,Strength,51,385
U0358,19-06-2024,Wednesday,Walking,38,163
U0309,28-05-2024,Tuesday,Walking,40,250
U0499,21-01-2024,Sunday,HIIT,44,704
U0257,16-05-2024,Thursday,Walking,68,246
U0398,29-03-2024,Friday,Cycling,54,357
U0418,05-05-2024,Sunday,Running,32,335
U0376,20-04-2024,Saturday,Cycling,42,345
U0094,08-05-2024,Wednesday,Running,77,590
U0415,19-02-2024,Monday,Yoga,72,279
U0041,16-03-2024,Saturday,Running,68,363
U0121,02-05-2024,Thursday,Strength,32,203
U0405,11-01-2024,Thursday,Running,47,567
U0478,04-05-2024,Saturday,Strength,63,389
U0162,02-03-2024,Saturday,Yoga,71,134
U0413,26-01-2024,Friday,Running,78,657
U0445,15-05-2024,Wednesday,Yoga,51,278
U0339,18-02-2024,Sunday,Running,61,308
U0348,23-04-2024,Tuesday,Cycling,82,563
U0338,28-06-2024,Friday,Running,69,450
U0449,26-05-2024,Sunday,Walking,84,240
U0448,29-04-2024,Monday,Cycling,77,496
U0109,13-02-2024,Tuesday,Walking,31,198
U0393,12-03-2024,Tuesday,Cycling,52,493
U0473,16-05-2024,Thursday,Walking,82,116
U0330,28-03-2024,Thursday,Strength,68,423
U0115,07-03-2024,Thursday,Running,57,344
U0382,30-01-2024,Tuesday,HIIT,67,727
U0160,16-01-2024,Tuesday,HIIT,88,744
U0409,22-06-2024,Saturday,Cycling,86,558
U0005,17-05-2024,Friday,Strength,60,455
U0076,02-06-2024,Sunday,Yoga,38,299
U0159,08-05-2024,Wednesday,Walking,35,174
U0361,06-04-2024,Saturday,Running,62,378
U0439,04-05-2024,Saturday,Walking,70,200
U0173,18-04-2024,Thursday,Walking,80,172
U0145,27-06-2024,Thursday,Cycling,90,299
U0444,14-01-2024,Sunday,Walking,58,213
U0357,03-05-2024,Friday,Yoga,38,170
U0053,22-06-2024,Saturday,Cycling,68,597
U0499,01-05-2024,Wednesday,Cycling,26,513
U0497,08-02-2024,Thursday,Walking,71,225
U0155,25-06-2024,Tuesday,HIIT,42,748
U0443,15-06-2024,Saturday,Strength,55,388
U0060,22-01-2024,Monday,Running,82,628
U0294,26-05-2024,Sunday,Strength,55,292
U0331,28-06-2024,Friday,Strength,58,366
U0095,13-04-2024,Saturday,Walking,22,116
U0266,29-05-2024,Wednesday,HIIT,35,442
U0003,22-05-2024,Wednesday,Strength,60,494
U0045,23-05-2024,Thursday,Yoga,24,249
U0088,18-04-2024,Thursday,Walking,20,175
U0338,16-05-2024,Thursday,Strength,37,360
U0311,17-05-2024,Friday,HIIT,46,471
U0097,06-02-2024,Tuesday,Yoga,47,261
U0143,02-02-2024,Friday,Walking,74,141
U0205,26-04-2024,Friday,Running,52,646
U0037,10-06-2024,Monday,Walking,54,230
U0310,11-02-2024,Sunday,Strength,39,213
U0040,10-03-2024,Sunday,Running,88,356
U0328,23-01-2024,Tuesday,Yoga,62,157
U0051,06-04-2024,Saturday,Cycling,68,313
U0302,05-05-2024,Sunday,Running,87,478
U0460,13-01-2024,Saturday,Cycling,60,449
U0283,01-06-2024,Saturday,Strength,81,204
U0366,09-02-2024,Friday,Walking,36,194
U0363,04-03-2024,Monday,Walking,73,219
U0258,14-03-2024,Thursday,Yoga,74,198
U0395,21-03-2024,Thursday,Running,30,339
U0044,14-03-2024,Thursday,HIIT,83,724
U0246,07-05-2024,Tuesday,HIIT,88,665
U0467,02-01-2024,Tuesday,Walking,74,235
U0351,04-06-2024,Tuesday,Running,77,386
U0188,04-02-2024,Sunday,HIIT,65,437
U0497,29-01-2024,Monday,Yoga,51,194
U0136,24-02-2024,Saturday,Running,70,411
U0479,28-04-2024,Sunday,HIIT,82,518
U0182,28-01-2024,Sunday,Running,64,669
U0221,05-05-2024,Sunday,Cycling,30,513
U0004,09-02-2024,Friday,Walking,52,193
U0220,16-02-2024,Friday,HIIT,54,432
U0182,21-04-2024,Sunday,Running,65,663
U0069,11-04-2024,Thursday,Strength,62,301
U0061,17-04-2024,Wednesday,Strength,90,366
U0257,09-04-2024,Tuesday,Cycling,34,260
U0007,24-06-2024,Monday,Cycling,26,425
U0149,13-03-2024,Wednesday,Strength,30,278
U0096,04-03-2024,Monday,Yoga,34,290
U0362,27-01-2024,Saturday,Walking,84,130
U0068,12-04-2024,Friday,Running,55,398
U0047,14-01-2024,Sunday,Strength,72,318
U0219,02-05-2024,Thursday,Running,85,518
U0187,12-03-2024,Tuesday,Yoga,73,132
U0027,18-06-2024,Tuesday,Walking,61,125
U0221,17-02-2024,Saturday,Yoga,82,197
U0350,21-05-2024,Tuesday,Cycling,62,435
U0122,15-06-2024,Saturday,Yoga,46,142
U0022,30-05-2024,Thursday,Walking,44,187
U0155,01-05-2024,Wednesday,Cycling,88,328
U0282,05-03-2024,Tuesday,HIIT,64,573
U0248,17-04-2024,Wednesday,HIIT,84,706
U0149,12-01-2024,Friday,HIIT,27,700
U0446,11-05-2024,Saturday,Running,41,524
U0206,04-06-2024,Tuesday,Yoga,46,160
U0451,11-05-2024,Saturday,Strength,84,355
U0152,09-03-2024,Saturday,HIIT,35,471
U0021,12-06-2024,Wednesday,Cycling,55,388
U0274,30-01-2024,Tuesday,Running,64,623
U0136,04-02-2024,Sunday,Strength,57,205
U0113,12-03-2024,Tuesday,Cycling,52,525
U0485,16-06-2024,Sunday,Yoga,90,176
U0298,10-06-2024,Monday,Strength,39,388
U0048,06-05-2024,Monday,Cycling,78,340
U0332,13-03-2024,Wednesday,Running,59,383
U0037,19-04-2024,Friday,Cycling,78,456
U0309,26-01-2024,Friday,Strength,69,222
U0395,22-01-2024,Monday,Yoga,38,123
U0278,27-03-2024,Wednesday,Walking,30,141
U0158,25-03-2024,Monday,Strength,39,336
U0064,06-01-2024,Saturday,Running,33,578
U0073,01-01-2024,Monday,Cycling,23,468
U0116,24-06-2024,Monday,Strength,34,314
U0183,20-01-2024,Saturday,HIIT,62,659
U0092,19-04-2024,Friday,HIIT,62,426
U0320,14-03-2024,Thursday,Yoga,33,289
U0404,01-01-2024,Monday,Cycling,38,325
U0418,18-01-2024,Thursday,Running,74,672
U0094,08-04-2024,Monday,Yoga,60,243
U0071,16-06-2024,Sunday,Cycling,69,531
U0273,17-05-2024,Friday,Cycling,69,547
U0360,23-01-2024,Tuesday,Cycling,66,354
U0491,04-02-2024,Sunday,Running,27,478
U0428,21-05-2024,Tuesday,Strength,51,270
U0194,07-01-2024,Sunday,Walking,74,248
U0038,02-05-2024,Thursday,HIIT,40,390
U0040,04-01-2024,Thursday,HIIT,73,733
U0358,17-03-2024,Sunday,Strength,72,206
U0080,16-01-2024,Tuesday,Walking,24,201
U0427,18-04-2024,Thursday,Walking,78,158
U0217,10-02-2024,Saturday,Yoga,31,152
U0113,10-04-2024,Wednesday,Cycling,29,489
U0424,07-04-2024,Sunday,Cycling,26,581
U0054,20-01-2024,Saturday,Yoga,62,192
U0034,24-02-2024,Saturday,HIIT,21,453
U0124,09-03-2024,Saturday,Running,25,588
U0484,20-03-2024,Wednesday,Running,65,684
U0385,10-04-2024,Wednesday,Walking,65,228
U0052,08-05-2024,Wednesday,Cycling,23,445
U0149,11-02-2024,Sunday,Cycling,79,570
U0394,11-02-2024,Sunday,HIIT,86,743
U0230,03-02-2024,Saturday,Yoga,57,230
U0123,23-02-2024,Friday,HIIT,29,399
U0074,20-03-2024,Wednesday,HIIT,31,436
U0083,18-01-2024,Thursday,Yoga,66,138
U0133,01-05-2024,Wednesday,Yoga,76,151
U0187,14-03-2024,Thursday,Strength,72,425
U0433,08-06-2024,Saturday,Yoga,67,225
U0450,23-06-2024,Sunday,Running,27,679
U0437,27-01-2024,Saturday,Yoga,68,222
U0448,28-04-2024,Sunday,Walking,31,219
U0056,22-01-2024,Monday,Cycling,33,471
U0163,28-03-2024,Thursday,HIIT,82,582
U0280,09-02-2024,Friday,Strength,38,490
U0032,02-04-2024,Tuesday,Strength,80,211
U0139,05-03-2024,Tuesday,Walking,42,120
U0153,25-04-2024,Thursday,Strength,87,294
U0048,19-04-2024,Friday,Yoga,58,209
U0275,25-06-2024,Tuesday,Cycling,75,542
U0040,19-06-2024,Wednesday,HIIT,38,427
U0479,07-02-2024,Wednesday,Strength,60,334
U0231,02-02-2024,Friday,Walking,77,148
U0216,27-06-2024,Thursday,HIIT,41,457
U0498,22-06-2024,Saturday,HIIT,21,507
U0420,01-02-2024,Thursday,Walking,83,190
U0425,18-05-2024,Saturday,Strength,86,290
U0192,15-02-2024,Thursday,HIIT,40,782
U0325,13-03-2024,Wednesday,Walking,32,205
U0054,07-05-2024,Tuesday,Walking,89,108
U0342,15-03-2024,Friday,Strength,47,395
U0439,30-04-2024,Tuesday,Running,64,537
U0401,27-02-2024,Tuesday,HIIT,56,779
U0345,02-03-2024,Saturday,Running,73,316
U0431,12-05-2024,Sunday,Walking,60,242
U0499,10-04-2024,Wednesday,Cycling,70,545
U0373,14-02-2024,Wednesday,Strength,60,318
U0259,31-01-2024,Wednesday,Walking,70,182
U0105,24-01-2024,Wednesday,Running,23,523
U0472,21-01-2024,Sunday,HIIT,68,445
U0335,26-02-2024,Monday,Yoga,44,216
U0141,22-01-2024,Monday,Cycling,22,546
U0055,06-02-2024,Tuesday,Yoga,53,139
U0468,23-02-2024,Friday,Strength,32,237
U0108,24-06-2024,Monday,Strength,68,282
U0006,15-02-2024,Thursday,Walking,24,239
U0003,10-02-2024,Saturday,HIIT,52,624
U0266,11-05-2024,Saturday,Cycling,47,308
U0113,22-01-2024,Monday,Walking,36,189
U0363,21-05-2024,Tuesday,Walking,57,149
U0129,14-02-2024,Wednesday,Cycling,55,302
U0407,22-02-2024,Thursday,Walking,82,181
U0319,28-01-2024,Sunday,HIIT,69,541
U0231,12-02-2024,Monday,Running,85,429
U0181,11-04-2024,Thursday,Running,34,392
U0038,25-02-2024,Sunday,Walking,67,181
U0353,03-01-2024,Wednesday,Walking,62,243
U0034,08-04-2024,Monday,Yoga,47,146
U0294,14-06-2024,Friday,Strength,75,300
U0256,12-01-2024,Friday,Yoga,73,235
U0303,08-04-2024,Monday,Cycling,22,259
U0146,03-02-2024,Saturday,Strength,24,372
U0036,30-04-2024,Tuesday,Running,73,670
U0205,21-01-2024,Sunday,HIIT,60,502
U0253,13-06-2024,Thursday,Running,67,616
U0072,27-01-2024,Saturday,Yoga,75,142
U0418,17-05-2024,Friday,Running,26,432
U0136,25-03-2024,Monday,Walking,68,130
U0065,22-03-2024,Friday,Cycling,72,478
U0124,27-05-2024,Monday,Strength,82,315
U0393,16-03-2024,Saturday,Walking,30,119
U0039,06-05-2024,Monday,Running,47,306
U0097,04-05-2024,Saturday,Running,63,406
U0390,20-03-2024,Wednesday,Walking,78,156
U0470,03-04-2024,Wednesday,Strength,77,404
U0143,18-04-2024,Thursday,Cycling,59,581
U0382,29-01-2024,Monday,Cycling,22,345
U0232,31-03-2024,Sunday,Yoga,35,210
U0204,08-05-2024,Wednesday,Strength,85,339
U0026,15-06-2024,Saturday,Strength,74,406
U0272,04-06-2024,Tuesday,Strength,86,225
U0491,29-01-2024,Monday,Cycling,34,268
U0273,26-01-2024,Friday,Yoga,48,220
U0376,26-06-2024,Wednesday,Yoga,83,172
U0362,01-06-2024,Saturday,Yoga,20,248
U0437,25-06-2024,Tuesday,Cycling,41,598
U0461,26-04-2024,Friday,Cycling,21,492
U0499,08-03-2024,Friday,Running,41,647
U0001,05-05-2024,Sunday,Cycling,80,273
U0428,28-02-2024,Wednesday,HIIT,84,505
U0232,05-05-2024,Sunday,Walking,64,193
U0235,04-01-2024,Thursday,Yoga,58,252
U0352,12-05-2024,Sunday,Walking,22,227
U0016,03-03-2024,Sunday,HIIT,75,543
U0495,11-03-2024,Monday,Walking,89,189
U0455,25-03-2024,Monday,Strength,73,221
U0360,28-03-2024,Thursday,HIIT,35,497
U0497,03-01-2024,Wednesday,Strength,38,467
U0341,11-02-2024,Sunday,Yoga,82,195
U0112,13-03-2024,Wednesday,HIIT,35,570
U0339,01-01-2024,Monday,Running,52,370
U0080,23-01-2024,Tuesday,Walking,54,174
U0113,09-01-2024,Tuesday,Strength,65,397
U0496,26-01-2024,Friday,Yoga,58,164
U0412,28-05-2024,Tuesday,Cycling,45,319
U0157,22-01-2024,Monday,Yoga,79,216
U0270,23-04-2024,Tuesday,Walking,60,209
U0239,17-04-2024,Wednesday,Strength,79,415
U0315,18-03-2024,Monday,Cycling,85,315
U0028,10-04-2024,Wednesday,Cycling,71,253
U0044,15-01-2024,Monday,Yoga,33,144
U0354,25-03-2024,Monday,Running,35,679
U0360,22-02-2024,Thursday,HIIT,38,695
U0155,09-06-2024,Sunday,Yoga,20,296
U0001,09-02-2024,Friday,HIIT,35,403
U0013,09-05-2024,Thursday,Strength,70,407
U0420,01-03-2024,Friday,HIIT,53,571
U0326,06-01-2024,Saturday,Cycling,38,586
U0103,01-05-2024,Wednesday,Strength,57,452
U0201,08-04-2024,Monday,Walking,33,172
U0235,31-01-2024,Wednesday,HIIT,69,680
U0022,31-03-2024,Sunday,Cycling,79,484
U0257,08-05-2024,Wednesday,Cycling,64,518
U0336,08-02-2024,Thursday,Yoga,63,191
U0470,14-06-2024,Friday,Strength,68,292
U0398,17-06-2024,Monday,HIIT,53,528
U0317,13-04-2024,Saturday,Running,25,315
U0256,22-06-2024,Saturday,Strength,61,253
U0373,08-04-2024,Monday,Strength,28,258
U0227,05-04-2024,Friday,HIIT,23,543
U0327,26-05-2024,Sunday,HIIT,45,697
U0116,21-02-2024,Wednesday,Walking,40,106
U0323,20-06-2024,Thursday,Running,46,317
U0291,19-05-2024,Sunday,Running,63,394
U0427,23-02-2024,Friday,HIIT,80,786
U0411,18-01-2024,Thursday,Strength,74,491
U0401,12-05-2024,Sunday,Yoga,32,179
U0170,06-01-2024,Saturday,Cycling,57,449
U0496,14-03-2024,Thursday,Running,88,594
U0317,15-01-2024,Monday,HIIT,34,366
U0216,07-03-2024,Thursday,Cycling,62,280
U0474,18-06-2024,Tuesday,Running,50,552
U0487,16-04-2024,Tuesday,HIIT,30,720
U0054,10-01-2024,Wednesday,Strength,84,420
U0401,28-02-2024,Wednesday,Running,27,313
U0283,03-05-2024,Friday,Running,69,692
U0282,05-02-2024,Monday,Running,76,360
U0224,15-01-2024,Monday,Cycling,49,551
U0291,12-01-2024,Friday,Running,51,329
U0145,12-01-2024,Friday,Yoga,64,182
U0246,17-06-2024,Monday,Running,29,339
U0460,26-02-2024,Monday,Strength,58,325
U0164,27-06-2024,Thursday,HIIT,84,711
U0144,21-01-2024,Sunday,Cycling,37,368
U0191,06-02-2024,Tuesday,Running,50,657
U0256,09-01-2024,Tuesday,Yoga,55,196
U0438,05-06-2024,Wednesday,Strength,83,427
U0106,07-04-2024,Sunday,Cycling,75,276
U0391,30-03-2024,Saturday,Running,63,434
U0444,19-04-2024,Friday,Walking,27,236
U0238,18-04-2024,Thursday,HIIT,86,731
U0068,04-01-2024,Thursday,Yoga,55,258
U0203,10-01-2024,Wednesday,HIIT,55,750
U0064,19-03-2024,Tuesday,HIIT,61,358
U0005,29-04-2024,Monday,Running,65,545
U0297,21-01-2024,Sunday,Yoga,90,232
U0133,06-05-2024,Monday,Cycling,49,339
U0336,10-01-2024,Wednesday,Cycling,84,546
U0032,07-03-2024,Thursday,Yoga,22,258
U0180,28-01-2024,Sunday,Running,84,527
U0167,26-05-2024,Sunday,Yoga,73,229
U0168,04-06-2024,Tuesday,Yoga,62,215
U0083,04-04-2024,Thursday,Running,57,376
U0414,21-03-2024,Thursday,HIIT,85,775
U0017,17-06-2024,Monday,Walking,39,244
U0258,27-05-2024,Monday,Walking,90,235
U0409,14-01-2024,Sunday,HIIT,80,512
U0100,27-05-2024,Monday,Yoga,51,212
U0384,30-01-2024,Tuesday,Walking,50,243
U0259,20-01-2024,Saturday,Yoga,81,234
U0424,02-02-2024,Friday,HIIT,51,690
U0311,07-03-2024,Thursday,Yoga,63,140
U0076,27-05-2024,Monday,Strength,45,285
U0135,21-05-2024,Tuesday,Walking,80,210
U0013,25-06-2024,Tuesday,Cycling,29,513
U0066,12-04-2024,Friday,Walking,50,186
U0303,04-06-2024,Tuesday,HIIT,33,579
U0323,25-04-2024,Thursday,Walking,75,146
U0371,30-05-2024,Thursday,HIIT,30,695
U0195,23-03-2024,Saturday,Strength,42,249
U0253,28-03-2024,Thursday,Running,86,568
U0197,22-03-2024,Friday,Cycling,38,357
U0451,06-06-2024,Thursday,Yoga,32,162
U0250,22-04-2024,Monday,Cycling,41,382
U0073,25-01-2024,Thursday,Cycling,90,336
U0410,19-02-2024,Monday,Running,82,313
U0375,23-04-2024,Tuesday,HIIT,36,577
U0253,08-03-2024,Friday,Running,37,442
U0382,26-02-2024,Monday,Walking,29,216
U0323,11-05-2024,Saturday,Walking,29,233
U0163,18-02-2024,Sunday,HIIT,24,420
U0193,26-02-2024,Monday,Walking,45,147
U0376,07-05-2024,Tuesday,Yoga,36,142
U0002,21-04-2024,Sunday,Running,82,585
U0353,08-03-2024,Friday,HIIT,68,597
U0337,16-02-2024,Friday,Yoga,49,244
U0307,01-04-2024,Monday,HIIT,81,736
U0215,24-04-2024,Wednesday,Yoga,51,149
U0339,30-01-2024,Tuesday,Yoga,70,243
U0352,01-03-2024,Friday,Running,57,437
U0396,23-03-2024,Saturday,Yoga,60,233
U0468,14-01-2024,Sunday,Yoga,82,206
U0210,26-02-2024,Monday,HIIT,41,664
U0067,03-06-2024,Monday,HIIT,22,749
U0468,31-03-2024,Sunday,HIIT,28,535
U0102,10-02-2024,Saturday,HIIT,70,541
U0212,25-02-2024,Sunday,HIIT,51,402
U0204,04-05-2024,Saturday,Running,40,444
U0018,10-03-2024,Sunday,Walking,35,169
U0442,22-01-2024,Monday,Running,29,558
U0310,08-02-2024,Thursday,Running,70,399
U0381,06-01-2024,Saturday,Yoga,55,145
U0242,06-04-2024,Saturday,Yoga,74,224
U0146,28-06-2024,Friday,HIIT,84,722
U0488,05-04-2024,Friday,HIIT,33,553
U0229,04-04-2024,Thursday,Strength,33,273
U0049,23-05-2024,Thursday,Cycling,46,553
U0316,01-05-2024,Wednesday,HIIT,49,509
U0428,08-02-2024,Thursday,Running,61,652
U0138,25-06-2024,Tuesday,Cycling,82,505
U0363,03-05-2024,Friday,HIIT,30,542
U0388,04-01-2024,Thursday,Cycling,86,312
U0020,18-04-2024,Thursday,Strength,41,271
U0215,12-04-2024,Friday,Running,57,360
U0315,05-04-2024,Friday,HIIT,41,761
U0266,03-06-2024,Monday,Yoga,80,204
U0367,01-05-2024,Wednesday,Running,60,513
U0160,28-06-2024,Friday,Cycling,45,298
U0032,08-06-2024,Saturday,Strength,40,486
U0322,04-01-2024,Thursday,Cycling,55,468
U0479,06-03-2024,Wednesday,HIIT,89,653
U0053,25-02-2024,Sunday,Yoga,42,146
U0301,14-06-2024,Friday,Strength,62,341
U0108,13-02-2024,Tuesday,Running,49,410
U0244,01-01-2024,Monday,Yoga,29,250
U0168,18-03-2024,Monday,HIIT,35,746
U0362,01-05-2024,Wednesday,Yoga,59,255
U0490,12-02-2024,Monday,Walking,55,225
U0356,05-03-2024,Tuesday,Walking,35,106
U0444,03-04-2024,Wednesday,Strength,64,486
U0196,05-04-2024,Friday,Cycling,21,476
U0301,20-03-2024,Wednesday,Yoga,32,248
U0018,14-06-2024,Friday,Yoga,81,298
U0498,26-05-2024,Sunday,Running,80,611
U0384,14-06-2024,Friday,HIIT,33,711
U0446,03-02-2024,Saturday,Running,73,361
U0440,19-05-2024,Sunday,Yoga,44,124
U0460,13-02-2024,Tuesday,HIIT,66,563
U0034,19-02-2024,Monday,HIIT,38,577
U0142,04-06-2024,Tuesday,Cycling,84,338
U0288,30-03-2024,Saturday,Running,63,538
U0046,30-01-2024,Tuesday,Running,43,673
U0393,13-02-2024,Tuesday,Running,47,626
U0158,23-06-2024,Sunday,Walking,44,173
U0092,12-03-2024,Tuesday,Cycling,60,365
U0152,07-03-2024,Thursday,Walking,76,193
U0179,13-06-2024,Thursday,HIIT,77,547
U0276,25-05-2024,Saturday,Cycling,75,580
U0359,08-05-2024,Wednesday,HIIT,54,461
U0134,09-01-2024,Tuesday,Running,86,637
U0301,23-03-2024,Saturday,Yoga,68,128
U0323,01-04-2024,Monday,Running,40,515
U0096,01-04-2024,Monday,Yoga,40,167
U0304,27-05-2024,Monday,Walking,75,195
U0308,27-03-2024,Wednesday,Strength,71,459
U0219,09-03-2024,Saturday,HIIT,71,435
U0454,01-06-2024,Saturday,Walking,87,185
U0404,14-01-2024,Sunday,Running,59,692
U0236,01-01-2024,Monday,Walking,38,147
U0121,22-02-2024,Thursday,Strength,31,484
U0003,02-05-2024,Thursday,Cycling,64,491
U0468,30-04-2024,Tuesday,Walking,68,181
U0391,04-02-2024,Sunday,Strength,61,401
U0178,05-05-2024,Sunday,Walking,23,192
U0175,08-05-2024,Wednesday,Running,70,339
U0023,24-02-2024,Saturday,Yoga,75,218
U0146,20-03-2024,Wednesday,Strength,81,291
U0350,12-05-2024,Sunday,Running,79,342
U0412,04-01-2024,Thursday,Cycling,60,544
U0006,04-05-2024,Saturday,Walking,71,129
U0310,25-04-2024,Thursday,HIIT,67,536
U0403,15-02-2024,Thursday,Strength,88,240
U0173,31-05-2024,Friday,Yoga,45,236
U0145,11-01-2024,Thursday,Running,82,535
U0173,21-06-2024,Friday,Yoga,23,165
U0009,24-04-2024,Wednesday,Yoga,58,272
U0273,11-04-2024,Thursday,Cycling,42,523
U0325,06-05-2024,Monday,Strength,55,324
U0292,27-04-2024,Saturday,Running,29,467
U0196,11-05-2024,Saturday,Walking,30,105
U0095,06-03-2024,Wednesday,Walking,30,177
U0316,11-05-2024,Saturday,HIIT,51,592
U0390,21-04-2024,Sunday,Yoga,43,291
U0466,16-02-2024,Friday,Walking,56,206
U0337,03-02-2024,Saturday,Yoga,54,282
U0116,05-01-2024,Friday,Walking,61,217
U0302,17-04-2024,Wednesday,Walking,62,187
U0175,22-03-2024,Friday,Yoga,76,247
U0345,09-04-2024,Tuesday,Yoga,71,266
U0288,29-03-2024,Friday,Running,46,682
U0232,21-06-2024,Friday,Strength,23,285
U0290,20-04-2024,Saturday,Strength,22,451
U0472,17-05-2024,Friday,Cycling,68,313
U0057,26-05-2024,Sunday,Yoga,42,260
U0215,02-06-2024,Sunday,Yoga,60,281
U0258,17-05-2024,Friday,HIIT,70,496
U0081,15-02-2024,Thursday,Strength,56,437
U0350,26-01-2024,Friday,Strength,73,214
U0071,05-06-2024,Wednesday,HIIT,84,361
U0313,04-03-2024,Monday,Cycling,80,296
U0283,10-05-2024,Friday,Cycling,40,438
U0166,03-02-2024,Saturday,Yoga,28,267
U0351,03-06-2024,Monday,Strength,50,256
U0447,10-02-2024,Saturday,Cycling,79,285
U0444,13-05-2024,Monday,Strength,69,475
U0366,07-01-2024,Sunday,Strength,81,403
U0187,12-04-2024,Friday,Walking,85,131
U0054,07-02-2024,Wednesday,Yoga,34,213
U0073,03-03-2024,Sunday,Strength,46,237
U0386,03-03-2024,Sunday,Yoga,63,204
U0291,11-03-2024,Monday,HIIT,24,497
U0114,04-04-2024,Thursday,HIIT,66,640
U0244,22-04-2024,Monday,Walking,57,198
U0132,12-06-2024,Wednesday,Cycling,23,548
U0133,03-04-2024,Wednesday,Walking,85,143
U0498,29-03-2024,Friday,Walking,39,196
U0444,04-05-2024,Saturday,Walking,41,103
U0343,17-01-2024,Wednesday,Yoga,48,177
U0333,20-02-2024,Tuesday,Yoga,83,283
U0460,28-02-2024,Wednesday,Walking,45,125
U0488,25-03-2024,Monday,HIIT,28,796
U0497,15-01-2024,Monday,Strength,86,293
U0117,25-06-2024,Tuesday,Walking,78,171
U0047,18-02-2024,Sunday,Walking,28,158
U0125,29-05-2024,Wednesday,HIIT,81,513
U0101,02-05-2024,Thursday,Running,76,342
U0111,02-06-2024,Sunday,Strength,58,420
U0369,23-04-2024,Tuesday,Walking,44,164
U0387,14-04-2024,Sunday,HIIT,54,609
U0264,13-03-2024,Wednesday,Walking,58,243
U0258,20-03-2024,Wednesday,Walking,76,230
U0241,06-05-2024,Monday,Cycling,42,471
U0176,12-06-2024,Wednesday,Walking,88,178
U0257,19-03-2024,Tuesday,Yoga,87,295
U0293,21-06-2024,Friday,Cycling,61,348
U0313,18-06-2024,Tuesday,Cycling,61,492
U0118,08-03-2024,Friday,Strength,58,370
U0425,21-03-2024,Thursday,Strength,59,413
U0029,14-04-2024,Sunday,Yoga,37,124
U0151,05-04-2024,Friday,Running,61,518
U0409,25-02-2024,Sunday,HIIT,84,474
U0167,02-05-2024,Thursday,Walking,80,171
U0311,30-05-2024,Thursday,Strength,27,375
U0190,22-04-2024,Monday,Yoga,34,138
U0423,08-02-2024,Thursday,Cycling,58,352
U0168,26-05-2024,Sunday,HIIT,53,421
U0446,28-06-2024,Friday,Walking,60,219
U0117,27-04-2024,Saturday,Yoga,62,300
U0072,31-01-2024,Wednesday,Walking,72,235
U0031,11-05-2024,Saturday,Yoga,22,128
U0405,17-05-2024,Friday,Strength,56,234
U0290,24-01-2024,Wednesday,HIIT,34,643
U0313,15-06-2024,Saturday,Cycling,29,600
U0456,08-02-2024,Thursday,Walking,62,216
U0271,26-06-2024,Wednesday,Walking,75,199
U0010,03-01-2024,Wednesday,Cycling,61,327
U0273,27-04-2024,Saturday,Walking,45,148
U0396,07-02-2024,Wednesday,Cycling,59,301
U0400,02-02-2024,Friday,HIIT,64,686
U0104,18-03-2024,Monday,Cycling,74,369
U0450,22-04-2024,Monday,Running,68,313
U0225,12-04-2024,Friday,Cycling,46,444
U0260,28-05-2024,Tuesday,Walking,86,191
U0384,22-03-2024,Friday,Strength,44,384
U0261,29-01-2024,Monday,Strength,22,404
U0182,02-04-2024,Tuesday,Yoga,28,196
U0334,13-06-2024,Thursday,Strength,80,365
U0434,04-03-2024,Monday,Cycling,21,515
U0391,10-01-2024,Wednesday,Running,46,678
U0422,10-02-2024,Saturday,Strength,42,292
U0403,11-02-2024,Sunday,Running,83,404
U0319,23-03-2024,Saturday,Running,23,469
U0468,14-04-2024,Sunday,Running,89,493
U0008,30-03-2024,Saturday,Cycling,31,283
U0439,17-05-2024,Friday,Strength,37,359
U0461,06-03-2024,Wednesday,Cycling,61,526
U0384,26-05-2024,Sunday,Cycling,36,513
U0381,25-01-2024,Thursday,Walking,71,164
U0095,17-06-2024,Monday,Yoga,62,291
U0453,09-03-2024,Saturday,Cycling,61,441
U0383,08-04-2024,Monday,Walking,26,108
U0428,01-03-2024,Friday,Cycling,70,255
U0097,09-06-2024,Sunday,HIIT,71,629
U0061,12-03-2024,Tuesday,Walking,85,224
U0396,20-05-2024,Monday,Strength,32,334
U0219,13-06-2024,Thursday,Running,89,364
U0062,20-05-2024,Monday,Walking,57,241
U0482,22-01-2024,Monday,HIIT,43,780
U0398,05-01-2024,Friday,Cycling,65,557
U0269,13-01-2024,Saturday,HIIT,66,435
U0082,26-01-2024,Friday,Walking,41,138
U0277,05-06-2024,Wednesday,Strength,45,351
U0498,17-04-2024,Wednesday,Strength,79,200
U0363,22-05-2024,Wednesday,Walking,59,205
U0072,06-02-2024,Tuesday,Strength,40,281
U0201,31-05-2024,Friday,Cycling,51,286
U0064,29-05-2024,Wednesday,Walking,39,183
U0006,12-06-2024,Wednesday,Running,86,459
U0153,01-02-2024,Thursday,HIIT,78,370
U0430,06-03-2024,Wednesday,Running,79,518
U0116,13-05-2024,Monday,Running,31,674
U0429,28-06-2024,Friday,Strength,73,343
U0464,05-03-2024,Tuesday,Walking,85,121
U0007,26-01-2024,Friday,Walking,82,211
U0341,09-03-2024,Saturday,Running,82,587
U0446,19-06-2024,Wednesday,Strength,25,250
U0061,02-03-2024,Saturday,Yoga,73,208
U0294,13-05-2024,Monday,Running,71,621
U0093,07-01-2024,Sunday,Walking,62,216
U0435,05-03-2024,Tuesday,Yoga,64,190
U0167,27-04-2024,Saturday,Walking,53,240
U0332,23-03-2024,Saturday,Walking,71,122
U0171,31-03-2024,Sunday,HIIT,88,401
U0328,13-04-2024,Saturday,Yoga,83,217
U0180,27-03-2024,Wednesday,Strength,66,365
U0098,28-05-2024,Tuesday,Yoga,84,263
U0276,15-02-2024,Thursday,Strength,29,407
U0075,28-03-2024,Thursday,HIIT,65,782
U0315,25-05-2024,Saturday,Running,61,415
U0342,11-03-2024,Monday,Running,83,414
U0075,04-01-2024,Thursday,Yoga,51,243
U0283,25-05-2024,Saturday,Cycling,72,515
U0455,09-04-2024,Tuesday,Walking,53,193
U0461,01-03-2024,Friday,Yoga,89,297
U0408,17-05-2024,Friday,HIIT,36,510
U0414,03-06-2024,Monday,Cycling,64,580
U0295,14-01-2024,Sunday,Strength,76,233
U0287,24-04-2024,Wednesday,HIIT,27,382
U0034,11-03-2024,Monday,HIIT,52,570
U0203,25-02-2024,Sunday,Walking,77,159
U0292,10-05-2024,Friday,Strength,38,500
U0498,05-06-2024,Wednesday,Running,65,600
U0374,11-02-2024,Sunday,Walking,44,226
U0374,31-01-2024,Wednesday,Yoga,31,266
U0196,27-06-2024,Thursday,Strength,37,359
U0363,20-04-2024,Saturday,Yoga,83,186
U0180,14-06-2024,Friday,Walking,30,105
U0451,04-06-2024,Tuesday,Running,27,649
U0007,02-01-2024,Tuesday,Yoga,69,265
U0490,14-02-2024,Wednesday,Cycling,83,524
U0308,05-04-2024,Friday,HIIT,42,766
U0016,08-06-2024,Saturday,Running,88,361
U0303,12-05-2024,Sunday,Cycling,32,348
U0481,26-04-2024,Friday,Walking,90,186
U0127,03-04-2024,Wednesday,Cycling,50,346
U0470,02-05-2024,Thursday,Walking,32,244
U0295,28-06-2024,Friday,HIIT,86,494
U0070,24-04-2024,Wednesday,Cycling,57,468
U0252,07-01-2024,Sunday,Strength,33,399
U0403,14-03-2024,Thursday,Walking,27,250
U0383,26-05-2024,Sunday,HIIT,42,364
U0495,18-03-2024,Monday,Strength,44,422
U0269,15-02-2024,Thursday,HIIT,67,584
U0457,26-02-2024,Monday,Walking,60,103
U0024,07-04-2024,Sunday,Cycling,34,252
U0424,28-02-2024,Wednesday,Yoga,71,156
U0452,18-04-2024,Thursday,Walking,59,102
U0213,15-04-2024,Monday,Strength,55,205
U0022,27-06-2024,Thursday,Strength,36,258
U0462,05-05-2024,Sunday,Running,43,574
U0146,17-05-2024,Friday,Yoga,56,147
U0487,23-01-2024,Tuesday,HIIT,83,590
U0056,29-01-2024,Monday,Cycling,24,344
U0316,04-04-2024,Thursday,Strength,38,457
U0394,23-02-2024,Friday,Walking,60,164
U0472,14-02-2024,Wednesday,Yoga,79,134
U0485,15-03-2024,Friday,HIIT,28,521
U0013,22-04-2024,Monday,Running,51,608
U0281,22-03-2024,Friday,Running,34,650
U0317,13-02-2024,Tuesday,Walking,61,159
U0004,07-04-2024,Sunday,Running,27,498
U0289,19-05-2024,Sunday,Running,22,632
U0231,01-03-2024,Friday,Walking,82,139
U0233,17-05-2024,Friday,Yoga,48,283
U0452,11-02-2024,Sunday,Yoga,22,156
U0364,18-05-2024,Saturday,Cycling,71,570
U0453,16-04-2024,Tuesday,Strength,77,386
U0341,12-04-2024,Friday,Cycling,87,375
U0486,17-06-2024,Monday,HIIT,66,679
U0110,10-04-2024,Wednesday,Cycling,80,527
U0027,21-02-2024,Wednesday,Cycling,63,330
U0093,23-04-2024,Tuesday,Running,46,497
U0394,09-02-2024,Friday,Walking,71,219
U0126,03-02-2024,Saturday,Strength,60,218
U0403,17-01-2024,Wednesday,Running,22,304
U0104,08-02-2024,Thursday,Cycling,59,435
U0244,27-03-2024,Wednesday,Walking,42,138
U0084,16-04-2024,Tuesday,Running,88,616
U0359,12-03-2024,Tuesday,Walking,51,110
U0070,07-04-2024,Sunday,Strength,68,500
U0477,22-04-2024,Monday,HIIT,43,526
U0044,04-04-2024,Thursday,Running,42,369
U0479,20-06-2024,Thursday,Cycling,61,292
U0087,03-04-2024,Wednesday,Yoga,44,253
U0464,12-02-2024,Monday,Running,50,658
U0021,10-03-2024,Sunday,Walking,78,133
U0447,08-06-2024,Saturday,Running,22,454
U0019,26-06-2024,Wednesday,Walking,54,231
U0438,18-04-2024,Thursday,Strength,63,482
U0145,09-03-2024,Saturday,Running,77,643
U0459,30-01-2024,Tuesday,Running,36,690
U0034,09-02-2024,Friday,HIIT,50,720
U0378,28-03-2024,Thursday,HIIT,29,673
U0403,19-06-2024,Wednesday,Running,35,328
U0368,24-01-2024,Wednesday,Running,75,651
U0199,23-03-2024,Saturday,Walking,87,147
U0241,14-03-2024,Thursday,Walking,27,145
U0499,20-02-2024,Tuesday,Yoga,38,168
U0097,17-02-2024,Saturday,Yoga,49,282
U0260,12-06-2024,Wednesday,Yoga,47,208
U0336,23-06-2024,Sunday,Yoga,56,136
U0177,16-01-2024,Tuesday,HIIT,75,731
U0164,30-05-2024,Thursday,Yoga,28,201
U0190,07-05-2024,Tuesday,Yoga,82,168
U0022,25-06-2024,Tuesday,Yoga,72,203
U0232,09-02-2024,Friday,Cycling,69,262
U0205,03-04-2024,Wednesday,Running,75,638
U0009,10-04-2024,Wednesday,Strength,39,211
U0082,18-03-2024,Monday,HIIT,55,571
U0486,10-02-2024,Saturday,Strength,27,365
U0312,15-03-2024,Friday,Cycling,50,503
U0490,19-03-2024,Tuesday,Walking,40,131
U0307,03-02-2024,Saturday,HIIT,56,539
U0497,01-05-2024,Wednesday,Running,22,528
U0353,29-02-2024,Thursday,Yoga,80,207
U0358,19-02-2024,Monday,Cycling,61,573
U0417,04-03-2024,Monday,Strength,80,248
U0320,23-03-2024,Saturday,Running,87,551
U0200,19-02-2024,Monday,Yoga,38,241
U0168,01-04-2024,Monday,HIIT,81,598
U0310,17-05-2024,Friday,Cycling,44,559
U0377,19-02-2024,Monday,HIIT,84,708
U0153,07-03-2024,Thursday,Cycling,38,262
U0239,07-02-2024,Wednesday,Strength,68,427
U0056,11-03-2024,Monday,Strength,55,345
U0066,23-03-2024,Saturday,Running,35,326
U0162,06-04-2024,Saturday,HIIT,23,552
U0168,05-06-2024,Wednesday,Running,56,465
U0371,03-02-2024,Saturday,Strength,28,252
U0482,01-03-2024,Friday,Running,66,482
U0253,12-04-2024,Friday,HIIT,27,705
U0281,23-01-2024,Tuesday,Cycling,77,309
U0331,23-06-2024,Sunday,HIIT,23,595
U0022,26-02-2024,Monday,Cycling,39,506
U0010,10-05-2024,Friday,Yoga,83,298
U0021,21-02-2024,Wednesday,HIIT,24,353
U0360,21-01-2024,Sunday,HIIT,67,427
U0004,09-06-2024,Sunday,Walking,56,140
U0428,21-02-2024,Wednesday,HIIT,52,551
U0334,14-03-2024,Thursday,Strength,23,462
U0105,17-02-2024,Saturday,Running,25,498
U0377,17-03-2024,Sunday,Walking,47,158
U0291,05-03-2024,Tuesday,Cycling,85,408
U0441,26-03-2024,Tuesday,Cycling,83,448
U0472,05-05-2024,Sunday,Strength,56,254
U0318,13-01-2024,Saturday,Running,55,300
U0493,10-02-2024,Saturday,Running,26,488
U0039,12-03-2024,Tuesday,Strength,22,354
U0234,22-02-2024,Thursday,Running,23,543
U0234,28-05-2024,Tuesday,Walking,54,116
U0375,26-06-2024,Wednesday,Cycling,47,453
U0255,20-04-2024,Saturday,Strength,72,222
U0492,12-03-2024,Tuesday,Walking,56,169
U0494,18-02-2024,Sunday,Cycling,77,582
U0287,28-06-2024,Friday,Strength,49,386
U0234,30-04-2024,Tuesday,HIIT,40,626
U0165,12-06-2024,Wednesday,Yoga,72,222
U0393,15-03-2024,Friday,Cycling,83,527
U0309,05-03-2024,Tuesday,Cycling,62,580
U0442,23-06-2024,Sunday,Cycling,25,509
U0277,10-06-2024,Monday,Walking,40,207
U0451,29-01-2024,Monday,HIIT,89,352
U0479,20-05-2024,Monday,Walking,41,129
U0167,05-04-2024,Friday,HIIT,70,645
U0384,14-04-2024,Sunday,Walking,33,148
U0367,01-01-2024,Monday,HIIT,33,473
U0156,23-02-2024,Friday,HIIT,32,501
U0107,17-02-2024,Saturday,Walking,29,191
U0339,13-04-2024,Saturday,Running,58,475
U0318,30-05-2024,Thursday,Strength,25,455
U0016,06-03-2024,Wednesday,Walking,80,250
U0318,30-03-2024,Saturday,Walking,82,122
U0244,05-03-2024,Tuesday,HIIT,31,582
U0384,27-03-2024,Wednesday,Cycling,80,415
U0111,06-06-2024,Thursday,Strength,32,214
U0036,08-05-2024,Wednesday,Cycling,79,539
U0130,29-05-2024,Wednesday,Running,86,551
U0021,15-03-2024,Friday,HIIT,62,778
U0102,03-05-2024,Friday,Strength,51,290
U0023,18-03-2024,Monday,Cycling,48,599
U0414,28-06-2024,Friday,Running,32,384
U0255,03-04-2024,Wednesday,Walking,75,239
U0055,17-04-2024,Wednesday,Strength,24,416
U0045,08-03-2024,Friday,Walking,65,135
U0062,07-01-2024,Sunday,Cycling,31,345
U0192,22-05-2024,Wednesday,Yoga,81,167
U0287,11-01-2024,Thursday,Cycling,45,403
U0031,10-05-2024,Friday,Running,34,568
U0156,05-02-2024,Monday,Yoga,51,168
U0110,26-01-2024,Friday,Cycling,69,574
U0075,19-06-2024,Wednesday,Cycling,85,284
U0085,04-03-2024,Monday,Walking,72,115
U0386,20-04-2024,Saturday,Running,61,699
U0201,25-04-2024,Thursday,HIIT,48,558
U0124,02-06-2024,Sunday,HIIT,56,563
U0288,22-01-2024,Monday,Walking,38,200
U0144,28-04-2024,Sunday,Walking,63,220
U0262,04-05-2024,Saturday,Strength,37,450
U0265,06-06-2024,Thursday,Walking,28,173
U0305,11-05-2024,Saturday,Cycling,60,372
U0099,26-03-2024,Tuesday,HIIT,72,692
U0394,05-06-2024,Wednesday,Cycling,57,435
U0409,28-04-2024,Sunday,HIIT,86,455
U0094,14-06-2024,Friday,Strength,67,338
U0276,28-03-2024,Thursday,Cycling,52,286
U0202,01-01-2024,Monday,Running,44,430
U0262,25-05-2024,Saturday,Strength,45,450
U0244,21-04-2024,Sunday,Strength,60,262
U0022,18-01-2024,Thursday,Yoga,33,188
U0474,24-06-2024,Monday,Strength,46,230
U0173,08-06-2024,Saturday,Walking,55,246
U0385,09-03-2024,Saturday,HIIT,65,649
U0391,26-02-2024,Monday,Cycling,69,527
U0293,06-06-2024,Thursday,Yoga,82,183
U0236,05-06-2024,Wednesday,Cycling,42,393
U0223,28-05-2024,Tuesday,HIIT,69,783
U0210,23-04-2024,Tuesday,Strength,39,394
U0392,10-03-2024,Sunday,Cycling,82,518
U0260,06-06-2024,Thursday,Strength,76,273
U0308,27-06-2024,Thursday,Walking,68,190
U0208,11-03-2024,Monday,Cycling,57,444
U0125,14-06-2024,Friday,Walking,28,192
U0196,06-01-2024,Saturday,Strength,75,245
U0179,28-02-2024,Wednesday,Yoga,66,160
U0331,12-05-2024,Sunday,HIIT,87,374
U0047,10-02-2024,Saturday,Running,90,325
U0077,16-03-2024,Saturday,Cycling,75,345
U0267,18-01-2024,Thursday,Cycling,31,276
U0241,18-04-2024,Thursday,Cycling,50,350
U0138,15-02-2024,Thursday,HIIT,35,720
U0079,16-05-2024,Thursday,Cycling,51,416
U0257,09-05-2024,Thursday,Running,70,369
U0124,04-06-2024,Tuesday,Yoga,55,236
U0366,04-03-2024,Monday,Cycling,25,443
U0271,05-05-2024,Sunday,Walking,70,233
U0182,04-06-2024,Tuesday,HIIT,71,435
U0440,07-05-2024,Tuesday,Cycling,24,287
U0060,03-06-2024,Monday,Strength,68,212
U0102,05-01-2024,Friday,Cycling,75,576
U0333,18-03-2024,Monday,Strength,51,424
U0205,29-04-2024,Monday,Walking,79,113
U0126,07-02-2024,Wednesday,Walking,32,198
U0455,16-06-2024,Sunday,Strength,29,462
U0021,02-05-2024,Thursday,Running,65,469
U0052,07-02-2024,Wednesday,Walking,54,233
U0191,07-01-2024,Sunday,Strength,71,377
U0146,04-04-2024,Thursday,Running,86,599
U0019,19-06-2024,Wednesday,HIIT,84,688
U0375,11-06-2024,Tuesday,Yoga,38,143
U0113,11-01-2024,Thursday,Running,58,306
U0214,08-02-2024,Thursday,Strength,90,200
U0440,10-01-2024,Wednesday,Yoga,81,239
U0059,21-01-2024,Sunday,Walking,78,247
U0286,20-05-2024,Monday,Walking,62,250
U0267,23-06-2024,Sunday,Yoga,51,231
U0482,10-05-2024,Friday,Yoga,83,133
U0055,07-02-2024,Wednesday,HIIT,48,400
U0259,02-04-2024,Tuesday,Strength,71,353
U0084,08-06-2024,Saturday,Strength,28,423
U0079,16-04-2024,Tuesday,Strength,23,357
U0451,05-05-2024,Sunday,Strength,47,346
U0173,10-02-2024,Saturday,HIIT,61,392
U0408,03-01-2024,Wednesday,Cycling,89,502
U0242,15-02-2024,Thursday,Running,37,449
U0045,11-01-2024,Thursday,Cycling,59,301
U0315,01-01-2024,Monday,Cycling,41,501
U0316,14-05-2024,Tuesday,Running,56,370
U0050,07-05-2024,Tuesday,HIIT,48,786
U0341,11-02-2024,Sunday,Walking,80,202
U0215,01-03-2024,Friday,Yoga,61,238
U0019,21-01-2024,Sunday,Running,35,375
U0145,26-03-2024,Tuesday,Walking,60,131
U0477,13-06-2024,Thursday,Walking,90,108
U0187,10-02-2024,Saturday,Strength,44,216
U0200,17-02-2024,Saturday,Strength,79,430
U0382,18-04-2024,Thursday,Walking,60,142
U0489,05-03-2024,Tuesday,Strength,31,221
U0263,03-06-2024,Monday,Strength,55,219
U0324,02-04-2024,Tuesday,Walking,63,223
U0396,08-05-2024,Wednesday,Cycling,47,420
U0201,15-05-2024,Wednesday,HIIT,45,498
U0387,26-04-2024,Friday,Running,56,470
U0476,28-04-2024,Sunday,HIIT,49,485
U0457,15-06-2024,Saturday,Running,49,642
U0272,28-02-2024,Wednesday,Running,48,530
U0491,20-01-2024,Saturday,Yoga,88,124
U0394,02-06-2024,Sunday,Walking,26,241
U0148,30-01-2024,Tuesday,Cycling,69,418
U0008,24-06-2024,Monday,Strength,30,445
U0067,07-03-2024,Thursday,Cycling,57,381
U0374,11-02-2024,Sunday,Yoga,32,199
U0328,18-01-2024,Thursday,Running,39,362
U0495,15-02-2024,Thursday,Running,77,472
U0063,03-05-2024,Friday,Walking,55,199
U0413,18-02-2024,Sunday,HIIT,52,382
U0075,28-03-2024,Thursday,Cycling,86,523
U0016,28-03-2024,Thursday,Strength,75,308
U0318,12-06-2024,Wednesday,Strength,28,453
U0199,23-03-2024,Saturday,Walking,67,100
U0293,31-03-2024,Sunday,Running,67,632
U0044,04-02-2024,Sunday,Running,86,587
U0284,21-05-2024,Tuesday,Walking,63,179
U0275,18-04-2024,Thursday,Yoga,24,196
U0418,07-04-2024,Sunday,Cycling,55,460
U0256,19-03-2024,Tuesday,Walking,58,147
U0365,24-01-2024,Wednesday,Cycling,87,556
U0500,08-03-2024,Friday,Yoga,60,267
U0119,13-01-2024,Saturday,Yoga,59,258
U0479,27-05-2024,Monday,Walking,89,203
U0386,11-01-2024,Thursday,Yoga,73,205
U0071,18-01-2024,Thursday,Running,20,354
U0208,18-05-2024,Saturday,Running,53,381
U0087,17-02-2024,Saturday,Walking,33,132
U0087,23-06-2024,Sunday,HIIT,50,798
U0296,18-02-2024,Sunday,Strength,90,308
U0099,15-05-2024,Wednesday,Yoga,64,271
U0138,04-03-2024,Monday,HIIT,35,350
U0208,31-05-2024,Friday,Cycling,52,315
U0062,20-06-2024,Thursday,Cycling,36,270
U0375,19-01-2024,Friday,Walking,70,100
U0334,23-02-2024,Friday,Walking,34,152
U0229,06-02-2024,Tuesday,Cycling,35,416
U0349,11-03-2024,Monday,Strength,45,399
U0446,19-06-2024,Wednesday,Walking,51,164
U0002,20-04-2024,Saturday,Strength,40,468
U0212,29-01-2024,Monday,Yoga,38,165
U0243,15-05-2024,Wednesday,Running,78,478
U0353,11-03-2024,Monday,Strength,69,312
U0009,01-03-2024,Friday,Walking,82,137
U0057,09-03-2024,Saturday,Walking,67,232
U0410,20-03-2024,Wednesday,Walking,71,172
U0130,03-03-2024,Sunday,Walking,87,138
U0491,06-01-2024,Saturday,Yoga,90,207
U0096,28-01-2024,Sunday,Walking,59,151
U0322,12-04-2024,Friday,Walking,65,183
U0024,27-03-2024,Wednesday,Yoga,80,256
U0221,23-05-2024,Thursday,Running,29,352
U0105,29-04-2024,Monday,Strength,88,480
U0114,24-02-2024,Saturday,Cycling,67,268
U0062,12-03-2024,Tuesday,Walking,77,130
U0048,05-03-2024,Tuesday,HIIT,88,593
U0278,12-02-2024,Monday,Walking,20,122
U0258,29-05-2024,Wednesday,Cycling,55,468
U0285,27-06-2024,Thursday,Cycling,23,299
U0099,14-02-2024,Wednesday,Cycling,49,273
U0102,03-02-2024,Saturday,Yoga,78,235
U0017,31-01-2024,Wednesday,Walking,46,116
U0427,10-02-2024,Saturday,Strength,68,217
U0351,17-04-2024,Wednesday,Running,30,691
U0056,21-04-2024,Sunday,Cycling,41,516
U0169,25-04-2024,Thursday,Cycling,88,540
U0313,23-04-2024,Tuesday,Yoga,60,174
U0152,06-04-2024,Saturday,HIIT,79,377
U0378,28-06-2024,Friday,HIIT,34,714
U0028,12-05-2024,Sunday,Cycling,88,314
U0453,19-01-2024,Friday,Cycling,88,292
U0133,07-03-2024,Thursday,Yoga,90,131
U0072,26-02-2024,Monday,Walking,31,208
U0370,11-06-2024,Tuesday,HIIT,30,698
U0434,27-03-2024,Wednesday,Running,24,691
U0043,23-03-2024,Saturday,Cycling,30,347
U0332,05-04-2024,Friday,Running,23,668
U0407,09-05-2024,Thursday,Walking,57,239
U0417,07-02-2024,Wednesday,HIIT,89,743
U0078,14-02-2024,Wednesday,Yoga,84,200
U0260,21-04-2024,Sunday,Strength,23,201
U0454,03-03-2024,Sunday,Strength,64,385
U0141,15-05-2024,Wednesday,Cycling,71,538
U0409,09-03-2024,Saturday,HIIT,49,537
U0421,13-02-2024,Tuesday,HIIT,68,670
U0028,14-04-2024,Sunday,Cycling,50,558
U0403,05-01-2024,Friday,HIIT,87,487
U0476,01-02-2024,Thursday,Strength,52,470
U0134,09-06-2024,Sunday,Walking,53,163
U0265,19-02-2024,Monday,Strength,44,404
U0080,21-06-2024,Friday,Running,38,656
U0268,26-05-2024,Sunday,Walking,59,207
U0388,03-02-2024,Saturday,Yoga,87,146
U0043,28-04-2024,Sunday,Running,69,449
U0388,15-03-2024,Friday,Running,43,506
U0350,17-02-2024,Saturday,Yoga,44,291
U0158,15-04-2024,Monday,Yoga,57,255
U0375,28-01-2024,Sunday,Yoga,50,252
U0170,04-02-2024,Sunday,Strength,27,348
U0437,15-03-2024,Friday,Cycling,46,356
U0132,30-05-2024,Thursday,Yoga,35,156
U0365,02-06-2024,Sunday,Strength,87,224
U0124,31-05-2024,Friday,Running,45,552
U0116,11-01-2024,Thursday,Strength,24,458
U0200,25-01-2024,Thursday,Strength,84,204
U0107,07-01-2024,Sunday,Running,33,471
U0474,04-01-2024,Thursday,Cycling,68,491
U0422,01-06-2024,Saturday,Running,73,301
U0313,29-03-2024,Friday,Cycling,27,409
U0446,14-05-2024,Tuesday,Walking,56,201
U0272,02-05-2024,Thursday,Yoga,23,224
U0483,25-02-2024,Sunday,HIIT,84,490
U0173,17-04-2024,Wednesday,Running,31,430
U0275,14-04-2024,Sunday,Walking,25,226
U0480,11-04-2024,Thursday,Strength,75,249
U0219,05-01-2024,Friday,Running,44,328
U0453,04-06-2024,Tuesday,Running,23,497
U0482,24-02-2024,Saturday,Running,42,693
U0419,20-04-2024,Saturday,HIIT,90,598
U0218,23-05-2024,Thursday,Walking,38,110
U0060,02-03-2024,Saturday,Yoga,90,234
U0122,02-05-2024,Thursday,Walking,90,154
U0120,14-06-2024,Friday,Yoga,35,290
U0311,13-01-2024,Saturday,HIIT,67,496
U0094,05-01-2024,Friday,Walking,77,246
U0320,09-06-2024,Sunday,Strength,68,482
U0046,13-05-2024,Monday,Yoga,38,268
U0128,07-02-2024,Wednesday,Yoga,33,248
U0489,14-02-2024,Wednesday,Cycling,33,364
U0207,24-05-2024,Friday,HIIT,27,635
U0080,11-04-2024,Thursday,Walking,35,155
U0159,23-05-2024,Thursday,Walking,49,192
U0333,03-03-2024,Sunday,HIIT,37,773
U0460,29-03-2024,Friday,Strength,35,422
U0282,07-02-2024,Wednesday,Strength,65,422
U0048,20-05-2024,Monday,Strength,68,237
U0008,23-05-2024,Thursday,Strength,74,274
U0414,15-05-2024,Wednesday,Yoga,63,184
U0205,18-05-2024,Saturday,Cycling,50,409
U0438,08-01-2024,Monday,Cycling,81,364
U0223,02-06-2024,Sunday,Strength,69,398
U0039,21-01-2024,Sunday,Walking,44,196
U0271,15-01-2024,Monday,HIIT,55,789
U0028,26-04-2024,Friday,Strength,42,498
U0322,06-02-2024,Tuesday,Running,67,412
U0226,23-04-2024,Tuesday,HIIT,56,421
U0391,15-04-2024,Monday,Walking,36,123
U0382,05-05-2024,Sunday,Walking,80,117
U0394,08-03-2024,Friday,Running,70,568
U0102,21-02-2024,Wednesday,Strength,49,383
U0104,29-03-2024,Friday,Strength,33,437
U0435,12-02-2024,Monday,Walking,33,128
U0113,18-04-2024,Thursday,Cycling,85,412
U0294,29-03-2024,Friday,Strength,35,238
U0152,19-03-2024,Tuesday,Yoga,26,268
U0443,11-04-2024,Thursday,Yoga,85,230
U0122,25-04-2024,Thursday,Cycling,52,453
U0464,28-04-2024,Sunday,Walking,83,103
U0427,11-02-2024,Sunday,Walking,31,149
U0134,12-05-2024,Sunday,Strength,41,451
U0120,19-04-2024,Friday,Cycling,89,308
U0210,08-01-2024,Monday,Yoga,49,125
U0279,11-06-2024,Tuesday,Strength,71,444
U0207,07-05-2024,Tuesday,Cycling,71,325
U0193,18-05-2024,Saturday,Cycling,30,337
U0168,21-06-2024,Friday,Cycling,31,597
U0277,24-04-2024,Wednesday,Running,53,507
U0038,26-05-2024,Sunday,Cycling,61,453
U0396,23-06-2024,Sunday,Yoga,50,275
U0445,05-01-2024,Friday,Cycling,36,419
U0222,02-06-2024,Sunday,Walking,52,186
U0434,05-06-2024,Wednesday,HIIT,90,495
U0232,09-06-2024,Sunday,HIIT,84,396
U0473,15-02-2024,Thursday,Cycling,89,479
U0394,17-06-2024,Monday,Cycling,23,481
U0494,06-06-2024,Thursday,Running,79,553
U0077,08-06-2024,Saturday,HIIT,75,513
U0296,20-02-2024,Tuesday,Strength,24,468
U0330,17-02-2024,Saturday,Walking,50,192
U0387,09-04-2024,Tuesday,Strength,62,219
U0086,12-03-2024,Tuesday,HIIT,42,478
U0479,14-05-2024,Tuesday,Strength,78,271
U0096,12-06-2024,Wednesday,Cycling,37,522
U0426,26-02-2024,Monday,Cycling,89,302
U0041,24-06-2024,Monday,Walking,61,187
U0200,12-02-2024,Monday,HIIT,41,525
U0312,24-06-2024,Monday,Yoga,33,147
U0190,03-04-2024,Wednesday,Running,82,565
U0313,23-03-2024,Saturday,Strength,56,299
U0450,21-06-2024,Friday,HIIT,29,434
U0102,13-05-2024,Monday,Walking,62,193
U0108,10-04-2024,Wednesday,Yoga,31,236
U0104,28-01-2024,Sunday,Cycling,42,567
U0050,01-03-2024,Friday,Strength,77,336
U0357,13-06-2024,Thursday,Running,56,694
U0197,06-06-2024,Thursday,HIIT,35,637
U0310,03-02-2024,Saturday,Strength,20,320
U0270,22-05-2024,Wednesday,Yoga,71,204
U0214,15-01-2024,Monday,Yoga,84,257
U0442,12-02-2024,Monday,Cycling,83,422
U0278,10-06-2024,Monday,Yoga,74,277
U0066,18-03-2024,Monday,HIIT,35,419
U0452,11-01-2024,Thursday,Running,39,457
U0038,01-03-2024,Friday,Cycling,34,412
U0175,03-05-2024,Friday,Running,86,404
U0350,26-01-2024,Friday,Yoga,58,254
U0318,05-05-2024,Sunday,Cycling,83,363
U0369,15-03-2024,Friday,Walking,72,231
U0379,29-06-2024,Saturday,Cycling,67,357
U0363,19-05-2024,Sunday,Running,37,397
U0450,14-06-2024,Friday,Running,59,619
U0454,24-01-2024,Wednesday,HIIT,51,454
U0238,29-03-2024,Friday,Running,88,384
U0341,26-04-2024,Friday,Cycling,43,495
U0288,09-06-2024,Sunday,Yoga,81,159
U0073,07-06-2024,Friday,Running,85,697
U0124,27-01-2024,Saturday,Strength,26,261
U0090,17-01-2024,Wednesday,Strength,47,489
U0495,17-02-2024,Saturday,Running,61,393
U0380,15-04-2024,Monday,Cycling,32,468
U0121,21-05-2024,Tuesday,HIIT,38,709
U0405,27-05-2024,Monday,HIIT,46,563
U0251,14-06-2024,Friday,Strength,83,348
U0293,26-03-2024,Tuesday,Yoga,52,276
U0310,29-05-2024,Wednesday,Strength,20,425
U0029,25-03-2024,Monday,Cycling,79,519
U0363,24-03-2024,Sunday,Cycling,86,316
U0069,03-04-2024,Wednesday,Strength,26,219
U0390,21-05-2024,Tuesday,Strength,79,491
U0351,23-02-2024,Friday,Walking,67,236
U0202,16-01-2024,Tuesday,Running,45,308
U0418,26-05-2024,Sunday,HIIT,61,777
U0489,23-02-2024,Friday,Walking,31,250
U0384,30-03-2024,Saturday,Walking,23,230
U0099,15-01-2024,Monday,HIIT,45,392
U0352,31-05-2024,Friday,Strength,31,403
U0375,08-02-2024,Thursday,Running,46,380
U0386,18-06-2024,Tuesday,Cycling,26,560
U0196,13-04-2024,Saturday,Running,36,392
U0371,28-03-2024,Thursday,Walking,87,154
U0019,16-03-2024,Saturday,HIIT,44,624
U0339,15-02-2024,Thursday,Strength,58,276
U0091,26-01-2024,Friday,Running,56,311
U0072,27-03-2024,Wednesday,Running,61,368
U0009,31-05-2024,Friday,Cycling,66,444
U0367,19-06-2024,Wednesday,HIIT,64,747
U0118,26-04-2024,Friday,Running,38,441
U0277,03-04-2024,Wednesday,Strength,59,213
U0455,09-02-2024,Friday,Running,38,546
U0246,29-02-2024,Thursday,HIIT,83,576
U0221,19-04-2024,Friday,HIIT,22,790
U0272,15-06-2024,Saturday,Running,63,463
U0017,04-03-2024,Monday,Running,35,308
U0469,12-06-2024,Wednesday,Strength,67,233
U0303,22-06-2024,Saturday,Yoga,67,164
U0431,28-01-2024,Sunday,Cycling,52,472
U0031,31-01-2024,Wednesday,HIIT,35,633
U0052,25-04-2024,Thursday,Strength,55,282
U0022,19-05-2024,Sunday,Running,86,349
U0304,08-01-2024,Monday,Walking,33,230
U0022,14-04-2024,Sunday,Strength,33,317
U0497,13-01-2024,Saturday,Yoga,66,245
U0090,30-01-2024,Tuesday,Walking,45,189
U0273,15-05-2024,Wednesday,Walking,65,164
U0255,08-01-2024,Monday,Cycling,35,252
U0311,13-04-2024,Saturday,Cycling,76,473
U0041,31-03-2024,Sunday,HIIT,28,359
U0030,09-03-2024,Saturday,Strength,73,369
U0013,18-01-2024,Thursday,Running,26,528
U0020,06-01-2024,Saturday,Walking,53,244
U0388,28-06-2024,Friday,Walking,54,116
U0163,14-02-2024,Wednesday,Running,52,612
U0153,14-06-2024,Friday,HIIT,83,677
U0332,17-01-2024,Wednesday,Cycling,79,474
U0196,03-06-2024,Monday,HIIT,57,426
U0249,14-03-2024,Thursday,Running,82,545
U0391,23-03-2024,Saturday,Strength,43,348
U0467,30-01-2024,Tuesday,HIIT,77,570
U0014,24-02-2024,Saturday,Strength,26,287
U0211,15-01-2024,Monday,Cycling,23,588
U0484,22-01-2024,Monday,Cycling,67,564
U0454,29-05-2024,Wednesday,Strength,38,211
U0258,09-06-2024,Sunday,HIIT,57,629
U0458,07-03-2024,Thursday,Yoga,88,150
U0268,11-05-2024,Saturday,Walking,49,102
U0277,14-02-2024,Wednesday,Running,23,432
U0243,19-06-2024,Wednesday,Running,43,396
U0047,14-06-2024,Friday,Walking,30,142
U0308,20-06-2024,Thursday,Strength,84,496
U0341,11-06-2024,Tuesday,Running,54,322
U0133,23-01-2024,Tuesday,HIIT,74,603
U0329,04-03-2024,Monday,Cycling,82,595
U0171,06-04-2024,Saturday,Yoga,33,268
U0328,12-01-2024,Friday,HIIT,73,546
U0128,08-03-2024,Friday,HIIT,74,509
U0034,23-04-2024,Tuesday,Running,39,587
U0478,01-04-2024,Monday,HIIT,51,629
U0001,08-05-2024,Wednesday,HIIT,48,706
U0117,06-06-2024,Thursday,Running,75,370
U0228,03-06-2024,Monday,HIIT,28,395
U0038,24-02-2024,Saturday,Running,51,483
U0366,14-04-2024,Sunday,Running,49,409
U0128,12-01-2024,Friday,Yoga,61,144
U0466,12-02-2024,Monday,Yoga,55,246
U0316,25-01-2024,Thursday,Strength,60,348
U0404,25-05-2024,Saturday,Strength,71,233
U0065,28-06-2024,Friday,Yoga,88,281
U0490,01-01-2024,Monday,Strength,79,339
U0139,15-04-2024,Monday,HIIT,33,551
U0485,08-03-2024,Friday,HIIT,74,707
U0203,27-06-2024,Thursday,HIIT,90,640
U0353,24-01-2024,Wednesday,Yoga,63,200
U0315,04-02-2024,Sunday,Walking,43,197
U0456,26-06-2024,Wednesday,Running,64,358
U0117,01-06-2024,Saturday,HIIT,70,560
U0052,11-05-2024,Saturday,HIIT,53,544
U0004,13-01-2024,Saturday,Running,58,369
U0025,16-03-2024,Saturday,Strength,68,422
U0211,13-01-2024,Saturday,Yoga,75,123
U0443,03-04-2024,Wednesday,Strength,76,492
U0394,22-03-2024,Friday,Cycling,44,509
U0125,04-04-2024,Thursday,Yoga,71,282
U0173,28-06-2024,Friday,Yoga,26,281
U0118,14-01-2024,Sunday,Running,74,382
U0093,25-04-2024,Thursday,Strength,81,359
U0392,21-03-2024,Thursday,HIIT,28,440
U0364,26-01-2024,Friday,Running,67,557
U0031,02-01-2024,Tuesday,HIIT,21,552
U0365,06-05-2024,Monday,HIIT,36,654
U0228,04-01-2024,Thursday,Yoga,77,187
U0039,07-02-2024,Wednesday,Walking,34,158
U0377,02-05-2024,Thursday,Yoga,49,298
U0025,28-04-2024,Sunday,HIIT,64,613
U0159,02-02-2024,Friday,Running,49,557
U0025,09-01-2024,Tuesday,Walking,74,219
U0174,07-02-2024,Wednesday,Cycling,29,321
U0147,17-05-2024,Friday,HIIT,82,574
U0392,22-02-2024,Thursday,Cycling,57,578
U0016,19-02-2024,Monday,HIIT,88,593
U0366,04-01-2024,Thursday,Walking,89,110
U0131,25-03-2024,Monday,Walking,44,239
U0258,07-02-2024,Wednesday,Yoga,49,198
U0264,18-01-2024,Thursday,Walking,70,117
U0432,18-04-2024,Thursday,Yoga,42,185
U0219,14-01-2024,Sunday,HIIT,46,593
U0231,29-06-2024,Saturday,HIIT,33,473
U0076,17-05-2024,Friday,Strength,84,475
U0412,08-06-2024,Saturday,HIIT,74,741
U0157,21-03-2024,Thursday,Strength,37,430
U0130,06-04-2024,Saturday,Cycling,24,556
U0090,09-03-2024,Saturday,Cycling,46,582
U0121,01-03-2024,Friday,HIIT,33,605
U0201,10-02-2024,Saturday,HIIT,46,714
U0286,24-02-2024,Saturday,Cycling,38,272
U0090,01-01-2024,Monday,Running,28,654
U0059,12-01-2024,Friday,Running,85,623
U0367,08-04-2024,Monday,Running,21,580
U0408,24-01-2024,Wednesday,Yoga,27,261
U0329,22-01-2024,Monday,HIIT,85,565
U0329,05-02-2024,Monday,Cycling,60,459
U0018,01-01-2024,Monday,Cycling,22,456
U0484,25-03-2024,Monday,Walking,68,111
U0224,20-04-2024,Saturday,Walking,69,200
U0470,04-04-2024,Thursday,Yoga,31,300
U0414,24-04-2024,Wednesday,HIIT,61,745
U0022,13-05-2024,Monday,HIIT,21,564
U0104,16-03-2024,Saturday,HIIT,38,668
U0082,09-04-2024,Tuesday,HIIT,78,571
U0285,13-05-2024,Monday,Walking,35,118
U0187,08-01-2024,Monday,Yoga,74,236
U0460,06-04-2024,Saturday,Running,50,364
U0233,10-06-2024,Monday,HIIT,43,633
U0390,26-05-2024,Sunday,Yoga,37,212
U0498,31-01-2024,Wednesday,Strength,82,246
U0250,16-03-2024,Saturday,Strength,43,482
U0048,04-06-2024,Tuesday,Walking,71,136
U0309,02-05-2024,Thursday,Yoga,85,235
U0370,03-04-2024,Wednesday,Yoga,36,208
U0427,12-01-2024,Friday,Yoga,75,152
U0073,02-02-2024,Friday,Yoga,83,124
U0113,29-06-2024,Saturday,Yoga,72,237
U0143,30-04-2024,Tuesday,Cycling,84,536
U0003,15-01-2024,Monday,Running,82,566
U0368,25-04-2024,Thursday,Cycling,31,464
U0004,03-05-2024,Friday,Running,27,479
U0295,05-04-2024,Friday,Running,42,537
U0219,21-01-2024,Sunday,Walking,25,245
U0070,21-02-2024,Wednesday,Running,24,536
U0003,03-05-2024,Friday,Yoga,31,199
U0358,16-03-2024,Saturday,Cycling,38,517
U0294,24-02-2024,Saturday,Strength,64,342
U0212,23-01-2024,Tuesday,HIIT,85,765
U0043,24-02-2024,Saturday,Walking,29,190
U0397,23-05-2024,Thursday,Walking,71,175
U0110,02-04-2024,Tuesday,Strength,52,277
U0031,13-04-2024,Saturday,Yoga,89,229
U0281,26-02-2024,Monday,Walking,52,177
U0496,15-02-2024,Thursday,Yoga,49,196
U0025,25-03-2024,Monday,Yoga,26,190
U0230,07-06-2024,Friday,Yoga,65,221
U0094,03-01-2024,Wednesday,HIIT,24,371
U0323,28-06-2024,Friday,Yoga,23,146
U0052,28-04-2024,Sunday,HIIT,69,422
U0413,16-03-2024,Saturday,Walking,76,106
U0208,07-06-2024,Friday,Yoga,49,298
U0001,22-01-2024,Monday,Walking,37,115
U0006,10-02-2024,Saturday,Strength,26,372
U0465,29-03-2024,Friday,Walking,53,212
U0145,12-01-2024,Friday,Strength,32,297
U0238,01-06-2024,Saturday,HIIT,26,679
U0468,29-02-2024,Thursday,Walking,28,155
U0497,18-03-2024,Monday,Walking,21,189
U0065,09-01-2024,Tuesday,Cycling,74,509
U0278,17-03-2024,Sunday,Walking,32,191
U0178,03-03-2024,Sunday,Yoga,63,212
U0031,14-04-2024,Sunday,Strength,21,492
U0031,19-01-2024,Friday,HIIT,69,372
U0246,08-05-2024,Wednesday,Yoga,36,289
U0158,28-05-2024,Tuesday,Walking,67,217
U0194,10-02-2024,Saturday,Yoga,61,161
U0038,06-05-2024,Monday,Cycling,68,380
U0055,27-04-2024,Saturday,HIIT,52,688
U0360,08-02-2024,Thursday,Cycling,48,419
U0293,11-01-2024,Thursday,Walking,73,238
U0285,15-04-2024,Monday,HIIT,52,395
U0202,23-04-2024,Tuesday,Cycling,37,253
U0387,24-05-2024,Friday,HIIT,89,394
U0304,31-05-2024,Friday,Strength,59,318
U0215,20-06-2024,Thursday,Cycling,21,322
U0096,20-01-2024,Saturday,Yoga,79,297
U0059,24-01-2024,Wednesday,Yoga,40,121
U0359,13-02-2024,Tuesday,Running,41,334
U0466,05-05-2024,Sunday,Walking,20,127
U0396,29-01-2024,Monday,HIIT,75,631
U0042,30-05-2024,Thursday,Yoga,79,162
U0265,12-01-2024,Friday,Walking,26,155
U0035,20-05-2024,Monday,Strength,39,288
U0142,25-03-2024,Monday,Yoga,26,251
U0084,01-01-2024,Monday,Running,42,582
U0321,28-02-2024,Wednesday,Cycling,39,379
U0143,16-06-2024,Sunday,Cycling,36,518
U0296,03-06-2024,Monday,Walking,45,103
U0066,10-01-2024,Wednesday,Walking,46,133
U0067,22-04-2024,Monday,Strength,65,390
U0022,03-02-2024,Saturday,HIIT,31,479
U0101,01-01-2024,Monday,Walking,27,217
U0183,11-04-2024,Thursday,HIIT,32,743
U0351,06-01-2024,Saturday,Walking,40,176
U0194,04-06-2024,Tuesday,Running,40,598
U0135,04-03-2024,Monday,Walking,89,141
U0078,25-05-2024,Saturday,Running,45,360
U0188,13-04-2024,Saturday,HIIT,67,546
U0359,10-04-2024,Wednesday,Cycling,30,512
U0156,28-05-2024,Tuesday,Yoga,52,129
U0101,24-06-2024,Monday,Yoga,44,265
U0155,14-06-2024,Friday,HIIT,68,783
U0198,04-02-2024,Sunday,Strength,35,330
U0341,05-02-2024,Monday,Walking,63,138
U0052,22-06-2024,Saturday,HIIT,85,654
U0379,08-06-2024,Saturday,Strength,38,243
U0350,07-04-2024,Sunday,Yoga,48,206
U0485,27-04-2024,Saturday,Cycling,66,279
U0126,07-03-2024,Thursday,Cycling,24,373
U0435,20-06-2024,Thursday,HIIT,83,539
U0399,09-04-2024,Tuesday,Walking,54,168
U0370,11-06-2024,Tuesday,Yoga,45,231
U0439,10-03-2024,Sunday,Strength,69,395
U0221,23-02-2024,Friday,Yoga,36,207
U0275,27-06-2024,Thursday,Running,62,616
U0095,12-04-2024,Friday,HIIT,38,553
U0433,24-04-2024,Wednesday,Cycling,34,256
U0189,30-05-2024,Thursday,Running,54,392
U0334,19-05-2024,Sunday,HIIT,45,504
U0454,20-03-2024,Wednesday,Cycling,27,540
U0116,27-01-2024,Saturday,Walking,22,235
U0421,01-04-2024,Monday,Cycling,38,290
U0470,22-05-2024,Wednesday,Yoga,60,212
U0222,09-05-2024,Thursday,Strength,53,455
U0255,19-02-2024,Monday,Walking,40,187
U0449,07-02-2024,Wednesday,Cycling,76,481
U0350,23-03-2024,Saturday,Strength,44,257
U0331,12-01-2024,Friday,Walking,65,194
U0167,15-06-2024,Saturday,HIIT,25,788
U0374,02-02-2024,Friday,Running,59,395
U0014,03-06-2024,Monday,Yoga,49,175
U0254,12-02-2024,Monday,Running,45,362
U0266,10-04-2024,Wednesday,Cycling,23,580
U0402,04-03-2024,Monday,Yoga,36,277
U0466,01-03-2024,Friday,Cycling,41,577
U0458,13-05-2024,Monday,HIIT,42,703
U0401,31-03-2024,Sunday,Cycling,36,466
U0498,09-01-2024,Tuesday,Strength,70,435
U0096,09-04-2024,Tuesday,HIIT,83,545
U0051,04-01-2024,Thursday,Strength,35,381
U0114,22-05-2024,Wednesday,Walking,43,167
U0274,07-03-2024,Thursday,Strength,81,334
U0108,25-02-2024,Sunday,Walking,39,127
U0387,04-06-2024,Tuesday,Yoga,52,263
U0092,31-03-2024,Sunday,Strength,27,372
U0336,13-01-2024,Saturday,Strength,51,234
U0273,15-01-2024,Monday,Yoga,70,190
U0004,04-05-2024,Saturday,Walking,60,243
U0166,08-02-2024,Thursday,Running,29,412
U0261,14-03-2024,Thursday,Walking,71,116
U0161,11-03-2024,Monday,Strength,25,491
U0480,09-06-2024,Sunday,Walking,28,119
U0290,21-06-2024,Friday,Yoga,62,124
U0296,06-04-2024,Saturday,HIIT,47,604
U0413,17-02-2024,Saturday,Running,81,300
U0500,10-02-2024,Saturday,Walking,21,134
U0374,18-06-2024,Tuesday,Running,39,457
U0464,07-06-2024,Friday,Strength,79,432
U0290,13-05-2024,Monday,Strength,47,451
U0041,03-06-2024,Monday,Cycling,36,583
U0357,27-05-2024,Monday,HIIT,88,565
U0122,12-06-2024,Wednesday,Cycling,59,309
U0169,20-03-2024,Wednesday,Cycling,23,594
U0064,07-02-2024,Wednesday,Running,40,361
U0397,30-03-2024,Saturday,Strength,68,433
U0246,02-01-2024,Tuesday,Walking,26,201
U0157,20-03-2024,Wednesday,HIIT,75,579
U0473,20-03-2024,Wednesday,Running,73,403
U0132,25-03-2024,Monday,Running,22,508
U0241,20-02-2024,Tuesday,Running,69,439
U0041,29-01-2024,Monday,Walking,65,182
U0106,13-01-2024,Saturday,Walking,67,189
U0057,11-02-2024,Sunday,HIIT,40,568
U0121,21-01-2024,Sunday,Yoga,57,263
U0314,10-04-2024,Wednesday,Yoga,56,231
U0386,08-03-2024,Friday,Yoga,48,138
U0203,25-05-2024,Saturday,HIIT,51,491
U0231,13-03-2024,Wednesday,Cycling,54,385
U0088,07-02-2024,Wednesday,Cycling,26,418
U0371,25-02-2024,Sunday,HIIT,88,401
U0081,27-01-2024,Saturday,Running,77,366
U0390,12-01-2024,Friday,Strength,61,298
U0190,27-03-2024,Wednesday,Strength,36,325
U0155,12-03-2024,Tuesday,HIIT,75,720
U0291,14-01-2024,Sunday,Running,38,677
U0105,28-04-2024,Sunday,Yoga,70,300
U0299,27-03-2024,Wednesday,Walking,80,155
U0484,18-01-2024,Thursday,Yoga,66,168
U0204,09-04-2024,Tuesday,Cycling,30,364
U0454,22-02-2024,Thursday,Yoga,43,160
U0100,20-03-2024,Wednesday,Strength,57,306
U0010,18-03-2024,Monday,Cycling,77,546
U0401,18-05-2024,Saturday,Running,24,582
U0196,29-05-2024,Wednesday,Running,39,634
U0033,29-04-2024,Monday,Yoga,44,173
U0117,17-05-2024,Friday,Yoga,26,263
U0174,16-02-2024,Friday,Strength,63,302
U0079,08-06-2024,Saturday,Cycling,21,258
U0056,25-02-2024,Sunday,Cycling,21,261
U0240,22-04-2024,Monday,Running,35,643
U0225,19-04-2024,Friday,Cycling,81,562
U0089,12-03-2024,Tuesday,Walking,67,248
U0285,07-03-2024,Thursday,Strength,41,338
U0024,02-02-2024,Friday,HIIT,57,396
U0368,11-02-2024,Sunday,Cycling,36,276
U0470,07-03-2024,Thursday,Walking,89,166
U0212,28-01-2024,Sunday,HIIT,43,677
U0117,17-05-2024,Friday,Strength,39,275
U0447,17-01-2024,Wednesday,Cycling,39,556
U0198,10-04-2024,Wednesday,HIIT,56,476
U0128,09-06-2024,Sunday,Cycling,77,289
U0045,13-01-2024,Saturday,Running,87,534
U0353,21-05-2024,Tuesday,Strength,26,225
U0150,26-06-2024,Wednesday,Running,48,606
U0356,31-03-2024,Sunday,Cycling,60,306
U0073,06-05-2024,Monday,Strength,52,432
U0011,02-04-2024,Tuesday,Yoga,39,216
U0351,07-03-2024,Thursday,HIIT,68,768
U0104,15-03-2024,Friday,Yoga,58,198
U0256,10-05-2024,Friday,HIIT,62,761
U0006,05-04-2024,Friday,HIIT,68,386
U0098,23-06-2024,Sunday,Strength,83,293
U0325,17-06-2024,Monday,Cycling,40,412
U0232,07-05-2024,Tuesday,Strength,60,490
U0215,21-01-2024,Sunday,Strength,64,268
U0294,10-02-2024,Saturday,Cycling,56,286
U0078,31-05-2024,Friday,Yoga,60,299
U0224,03-03-2024,Sunday,Strength,39,351
U0022,20-04-2024,Saturday,Strength,29,463
U0174,25-01-2024,Thursday,Cycling,46,304
U0023,10-03-2024,Sunday,HIIT,88,440
U0049,14-02-2024,Wednesday,Running,67,683
U0276,09-02-2024,Friday,Strength,89,405
U0054,29-05-2024,Wednesday,Running,87,467
U0159,19-03-2024,Tuesday,Cycling,20,448
U0227,12-06-2024,Wednesday,HIIT,81,747
U0327,12-04-2024,Friday,Yoga,71,150
U0112,16-03-2024,Saturday,Walking,43,137
U0092,20-01-2024,Saturday,Cycling,43,406
U0084,05-06-2024,Wednesday,Yoga,88,192
U0396,28-06-2024,Friday,Running,31,541
U0302,05-06-2024,Wednesday,HIIT,55,613
U0057,20-05-2024,Monday,Running,27,412
U0362,01-01-2024,Monday,Running,20,478
U0279,11-04-2024,Thursday,Cycling,32,414
U0139,03-03-2024,Sunday,HIIT,50,702
U0474,16-04-2024,Tuesday,HIIT,41,380
U0204,16-05-2024,Thursday,Walking,75,158
U0091,22-05-2024,Wednesday,Cycling,84,447
U0209,22-01-2024,Monday,HIIT,63,765
U0091,11-04-2024,Thursday,Strength,33,356
U0001,20-01-2024,Saturday,Cycling,39,508
U0051,21-06-2024,Friday,HIIT,85,586
U0271,02-05-2024,Thursday,Yoga,22,246
U0217,10-06-2024,Monday,Walking,67,125
U0439,16-06-2024,Sunday,Yoga,51,279
U0490,14-04-2024,Sunday,Running,78,557
U0330,04-03-2024,Monday,HIIT,58,726
U0367,08-02-2024,Thursday,Walking,70,198
U0392,13-02-2024,Tuesday,HIIT,65,579
U0158,06-06-2024,Thursday,HIIT,40,693
U0322,11-06-2024,Tuesday,Running,76,677
U0228,09-03-2024,Saturday,Walking,80,177
U0033,22-04-2024,Monday,HIIT,70,633
U0158,24-06-2024,Monday,Walking,83,203
U0142,20-01-2024,Saturday,HIIT,44,560
U0125,14-03-2024,Thursday,Strength,86,404
U0275,16-05-2024,Thursday,Running,68,449
U0162,03-01-2024,Wednesday,HIIT,41,798
U0168,13-02-2024,Tuesday,Running,24,383
U0205,15-03-2024,Friday,HIIT,27,623
U0184,13-05-2024,Monday,Running,48,300
U0448,19-06-2024,Wednesday,Running,62,547
U0317,01-06-2024,Saturday,Walking,80,160
U0008,08-02-2024,Thursday,Strength,67,308
U0369,09-04-2024,Tuesday,Walking,71,152
U0009,01-04-2024,Monday,Strength,57,489
U0278,19-06-2024,Wednesday,Yoga,75,133
U0468,05-01-2024,Friday,Walking,35,108
U0016,29-01-2024,Monday,Walking,46,159
U0139,16-03-2024,Saturday,Yoga,52,272
U0141,19-06-2024,Wednesday,Yoga,74,215
U0194,06-02-2024,Tuesday,Cycling,34,426
U0071,21-03-2024,Thursday,Strength,42,204
U0111,11-06-2024,Tuesday,Walking,57,222
U0462,09-04-2024,Tuesday,Yoga,89,203
U0308,21-04-2024,Sunday,Yoga,41,256
U0251,21-01-2024,Sunday,Cycling,56,428
U0002,04-03-2024,Monday,Strength,36,234
U0122,12-06-2024,Wednesday,Cycling,79,330
U0375,04-03-2024,Monday,HIIT,64,633
U0088,16-02-2024,Friday,HIIT,59,714
U0052,13-04-2024,Saturday,Running,84,467
U0029,27-03-2024,Wednesday,Running,87,626
U0133,24-04-2024,Wednesday,Strength,59,387
U0183,06-02-2024,Tuesday,Yoga,76,148
U0298,17-03-2024,Sunday,Walking,78,185
U0119,05-05-2024,Sunday,HIIT,88,621
U0216,22-01-2024,Monday,Running,45,422
U0263,01-05-2024,Wednesday,HIIT,88,756
U0246,19-05-2024,Sunday,Strength,45,422
U0351,17-01-2024,Wednesday,Yoga,43,297
U0426,18-06-2024,Tuesday,Cycling,61,365
U0263,24-05-2024,Friday,Running,65,517
U0255,23-01-2024,Tuesday,Walking,81,116
U0159,27-02-2024,Tuesday,Cycling,70,550
U0323,20-04-2024,Saturday,Yoga,63,270
U0354,10-01-2024,Wednesday,Running,26,572
U0296,05-01-2024,Friday,HIIT,49,710
U0277,01-06-2024,Saturday,Strength,86,350
U0377,11-05-2024,Saturday,HIIT,58,648
U0225,13-02-2024,Tuesday,HIIT,67,528
U0065,12-05-2024,Sunday,Walking,34,212
U0382,29-05-2024,Wednesday,Strength,88,237
U0154,15-05-2024,Wednesday,HIIT,44,586
U0475,25-03-2024,Monday,HIIT,87,754
U0407,22-02-2024,Thursday,Strength,83,400
U0043,16-02-2024,Friday,Walking,47,187
U0386,21-04-2024,Sunday,HIIT,34,662
U0428,17-05-2024,Friday,Running,55,472
U0323,12-02-2024,Monday,Running,76,539
U0287,18-04-2024,Thursday,Strength,46,360
U0276,06-01-2024,Saturday,Walking,79,132
U0345,11-04-2024,Thursday,Running,35,362
U0128,16-05-2024,Thursday,Cycling,80,318
U0125,19-04-2024,Friday,Running,27,653
U0439,08-05-2024,Wednesday,Walking,35,134
U0154,24-02-2024,Saturday,Walking,79,235
U0255,22-02-2024,Thursday,Strength,71,311
U0261,02-06-2024,Sunday,Strength,51,230
U0321,26-03-2024,Tuesday,HIIT,61,674
U0231,19-06-2024,Wednesday,Cycling,31,421
U0250,25-05-2024,Saturday,Cycling,65,309
U0202,22-06-2024,Saturday,HIIT,25,591
U0094,26-04-2024,Friday,Running,40,578
U0176,04-03-2024,Monday,Yoga,42,216
U0419,29-06-2024,Saturday,Walking,72,152
U0172,17-05-2024,Friday,Walking,58,109
U0097,20-06-2024,Thursday,HIIT,89,354
U0074,04-05-2024,Saturday,Strength,46,252
U0347,10-03-2024,Sunday,Strength,34,362
U0475,06-01-2024,Saturday,HIIT,72,555
U0356,17-06-2024,Monday,HIIT,20,624
U0481,06-06-2024,Thursday,HIIT,78,407
U0426,25-03-2024,Monday,HIIT,78,486
U0011,13-06-2024,Thursday,Strength,90,396
U0398,09-01-2024,Tuesday,Cycling,59,552
U0253,22-02-2024,Thursday,HIIT,80,463
U0110,13-04-2024,Saturday,Yoga,80,184
U0310,04-01-2024,Thursday,HIIT,34,361
U0280,02-02-2024,Friday,Strength,37,220
U0336,13-02-2024,Tuesday,Cycling,30,267
U0069,02-01-2024,Tuesday,Yoga,55,134
U0052,24-05-2024,Friday,Cycling,40,440
U0031,08-06-2024,Saturday,Strength,59,273
U0279,29-04-2024,Monday,Running,80,377
U0094,15-02-2024,Thursday,Yoga,30,156
U0136,26-06-2024,Wednesday,Walking,47,113
U0019,19-02-2024,Monday,Yoga,68,145
U0244,04-01-2024,Thursday,Cycling,89,479
U0399,09-01-2024,Tuesday,Running,62,699
U0036,26-05-2024,Sunday,Yoga,45,269
U0239,01-05-2024,Wednesday,HIIT,60,474
U0171,24-05-2024,Friday,Running,23,536
U0386,09-01-2024,Tuesday,Walking,77,238
U0417,07-04-2024,Sunday,HIIT,25,685
U0254,06-02-2024,Tuesday,Cycling,35,379
U0406,29-01-2024,Monday,Strength,34,235
U0233,06-03-2024,Wednesday,Yoga,51,157
U0151,03-02-2024,Saturday,Cycling,66,297
U0176,16-02-2024,Friday,Cycling,54,292
U0157,24-04-2024,Wednesday,Strength,43,306
U0216,13-06-2024,Thursday,Walking,65,204
U0041,15-06-2024,Saturday,Strength,58,268
U0424,26-06-2024,Wednesday,Yoga,89,217
U0055,27-05-2024,Monday,Walking,34,210
U0277,13-04-2024,Saturday,Walking,56,222
U0285,19-04-2024,Friday,HIIT,73,380
U0257,14-05-2024,Tuesday,Yoga,59,126
U0225,17-06-2024,Monday,HIIT,31,601
U0318,25-05-2024,Saturday,Cycling,30,403
U0378,15-05-2024,Wednesday,Cycling,70,570
U0118,12-03-2024,Tuesday,HIIT,54,370
U0081,31-01-2024,Wednesday,Cycling,87,413
U0366,03-01-2024,Wednesday,Cycling,28,352
U0184,25-03-2024,Monday,Running,46,689
U0281,12-05-2024,Sunday,Strength,51,322
U0314,02-01-2024,Tuesday,Running,86,566
U0061,13-04-2024,Saturday,Running,22,596
U0421,01-03-2024,Friday,Cycling,83,483
U0373,27-04-2024,Saturday,Walking,25,239
U0432,22-01-2024,Monday,HIIT,74,370
U0012,01-06-2024,Saturday,HIIT,85,572
U0456,25-01-2024,Thursday,Walking,51,181
U0048,18-06-2024,Tuesday,HIIT,67,422
U0493,20-03-2024,Wednesday,Cycling,22,575
U0105,23-03-2024,Saturday,Cycling,55,460
U0484,27-05-2024,Monday,HIIT,52,791
U0222,23-04-2024,Tuesday,Cycling,26,279
U0415,05-02-2024,Monday,Walking,89,156
U0263,24-04-2024,Wednesday,HIIT,56,367
U0178,08-05-2024,Wednesday,Running,83,434
U0327,19-02-2024,Monday,Strength,59,432
U0151,23-01-2024,Tuesday,Cycling,32,536
U0055,20-05-2024,Monday,Running,73,335
U0010,14-03-2024,Thursday,Walking,70,144
U0113,15-01-2024,Monday,Yoga,74,133
U0125,13-05-2024,Monday,Cycling,78,265
U0291,09-06-2024,Sunday,Strength,28,215
U0485,16-05-2024,Thursday,Walking,67,183
U0115,07-03-2024,Thursday,Yoga,68,198
U0215,26-02-2024,Monday,Walking,58,160
U0004,03-04-2024,Wednesday,Strength,46,276
U0180,22-05-2024,Wednesday,Strength,30,286
U0388,26-01-2024,Friday,Walking,36,100
U0261,10-04-2024,Wednesday,Strength,69,266
U0490,08-06-2024,Saturday,Strength,72,338
U0243,29-04-2024,Monday,Running,40,596
U0019,15-04-2024,Monday,Running,85,455
U0065,01-03-2024,Friday,Yoga,54,133
U0450,06-04-2024,Saturday,HIIT,39,754
U0432,05-03-2024,Tuesday,HIIT,65,752
U0009,12-04-2024,Friday,Walking,55,226
U0397,20-02-2024,Tuesday,HIIT,90,477
U0439,20-06-2024,Thursday,Strength,49,500
U0257,08-05-2024,Wednesday,Cycling,28,514
U0275,06-01-2024,Saturday,Strength,71,250
U0023,16-02-2024,Friday,Running,40,489
U0127,08-01-2024,Monday,Running,71,326
U0422,02-03-2024,Saturday,Strength,38,397
U0104,11-02-2024,Sunday,Running,45,353
U0042,23-01-2024,Tuesday,Yoga,24,196
U0124,28-01-2024,Sunday,Walking,83,242
U0213,12-01-2024,Friday,Walking,33,113
U0370,09-05-2024,Thursday,Yoga,32,192
U0169,03-04-2024,Wednesday,Running,35,339
U0272,12-02-2024,Monday,Walking,35,213
U0268,01-01-2024,Monday,Strength,37,228
U0240,29-01-2024,Monday,Strength,33,462
U0500,09-02-2024,Friday,Cycling,45,555
U0252,31-01-2024,Wednesday,HIIT,45,579
U0287,28-01-2024,Sunday,Running,43,446
U0239,08-05-2024,Wednesday,Running,21,386
U0110,11-04-2024,Thursday,Cycling,40,450
U0309,20-06-2024,Thursday,Strength,90,403
U0011,09-04-2024,Tuesday,Strength,65,260
U0436,03-04-2024,Wednesday,Walking,38,204
U0459,17-03-2024,Sunday,Cycling,69,252
U0187,12-01-2024,Friday,Walking,86,154
U0360,26-06-2024,Wednesday,Running,88,413
U0258,17-01-2024,Wednesday,Cycling,23,404
U0417,04-01-2024,Thursday,Yoga,49,145
U0244,03-04-2024,Wednesday,Walking,90,184
U0120,20-03-2024,Wednesday,HIIT,31,769
U0451,11-03-2024,Monday,Strength,73,458
U0404,18-04-2024,Thursday,Running,60,541
U0071,19-05-2024,Sunday,Running,77,552
U0392,24-05-2024,Friday,Strength,84,332
U0438,12-06-2024,Wednesday,Running,79,382
U0403,15-03-2024,Friday,Strength,67,436
U0019,01-04-2024,Monday,Running,76,352
U0238,01-02-2024,Thursday,Yoga,69,243
U0247,19-06-2024,Wednesday,Walking,27,158
U0272,05-01-2024,Friday,Cycling,76,287
U0362,27-04-2024,Saturday,Walking,43,185
U0133,10-04-2024,Wednesday,Walking,87,232
U0427,17-03-2024,Sunday,Running,77,513
U0335,06-04-2024,Saturday,Walking,46,153
U0373,20-05-2024,Monday,Strength,80,264
U0221,09-05-2024,Thursday,Strength,26,215
U0265,13-05-2024,Monday,Strength,49,371
U0399,01-03-2024,Friday,Yoga,20,295
U0243,21-02-2024,Wednesday,HIIT,73,569
U0398,03-01-2024,Wednesday,Yoga,44,202
U0378,01-05-2024,Wednesday,HIIT,79,431
U0436,20-01-2024,Saturday,HIIT,23,782
U0245,23-02-2024,Friday,Strength,36,230
U0090,13-06-2024,Thursday,Cycling,81,304
U0334,05-05-2024,Sunday,Strength,35,284
U0081,06-06-2024,Thursday,HIIT,67,556
U0284,29-02-2024,Thursday,Running,67,389
U0300,15-02-2024,Thursday,Cycling,23,461
U0456,09-03-2024,Saturday,Cycling,70,503
U0013,19-01-2024,Friday,Strength,79,241
U0229,11-01-2024,Thursday,Yoga,21,269
U0212,27-04-2024,Saturday,Cycling,52,442
U0442,22-04-2024,Monday,Cycling,55,477
U0277,26-02-2024,Monday,HIIT,24,381
U0452,30-03-2024,Saturday,HIIT,90,727
U0066,28-04-2024,Sunday,Walking,40,122
U0082,26-05-2024,Sunday,Running,69,413
U0419,19-04-2024,Friday,Running,36,520
U0422,13-02-2024,Tuesday,Strength,41,382
U0251,08-03-2024,Friday,HIIT,67,789
U0223,18-03-2024,Monday,Running,73,683
U0087,12-01-2024,Friday,HIIT,21,654
U0085,17-02-2024,Saturday,Running,67,697
U0278,26-05-2024,Sunday,Running,48,388
U0089,02-01-2024,Tuesday,Cycling,51,284
U0464,15-06-2024,Saturday,Yoga,64,278
U0169,23-06-2024,Sunday,Running,48,507
U0146,26-06-2024,Wednesday,Cycling,44,375
U0202,11-02-2024,Sunday,HIIT,74,527
U0383,17-05-2024,Friday,Walking,49,141
U0451,28-05-2024,Tuesday,Running,76,699
U0488,15-01-2024,Monday,Running,38,424
U0236,20-03-2024,Wednesday,HIIT,67,546
U0305,09-03-2024,Saturday,Walking,31,125
U0301,03-02-2024,Saturday,Cycling,70,288
U0191,29-02-2024,Thursday,Walking,71,138
U0342,10-05-2024,Friday,Walking,71,106
U0456,07-06-2024,Friday,Strength,35,202
U0338,16-05-2024,Thursday,Yoga,60,135
U0033,31-03-2024,Sunday,Walking,49,169
U0108,05-02-2024,Monday,Running,33,453
U0249,31-05-2024,Friday,Strength,37,264
U0441,03-02-2024,Saturday,Cycling,31,529
U0359,18-05-2024,Saturday,Running,43,676
U0022,20-04-2024,Saturday,Strength,68,320
U0302,30-05-2024,Thursday,HIIT,75,434
U0240,18-05-2024,Saturday,Walking,57,228
U0403,01-04-2024,Monday,Walking,87,182
U0359,21-04-2024,Sunday,Walking,81,230
U0137,11-04-2024,Thursday,Strength,36,385
U0442,12-06-2024,Wednesday,Yoga,67,220
U0089,16-02-2024,Friday,Yoga,21,256
U0087,17-03-2024,Sunday,Strength,42,328
U0331,04-01-2024,Thursday,Running,41,383
U0294,14-02-2024,Wednesday,HIIT,21,551
U0426,26-06-2024,Wednesday,Strength,25,200
U0424,14-01-2024,Sunday,HIIT,66,594
U0332,11-01-2024,Thursday,Running,49,614
U0126,04-04-2024,Thursday,Cycling,88,340
U0048,23-01-2024,Tuesday,HIIT,48,564
U0478,15-05-2024,Wednesday,Cycling,79,587
U0205,29-01-2024,Monday,Walking,73,172
U0112,14-05-2024,Tuesday,Walking,65,218
U0089,21-02-2024,Wednesday,Yoga,74,228
U0345,29-01-2024,Monday,Cycling,45,308
U0495,21-04-2024,Sunday,Yoga,37,219
U0060,20-02-2024,Tuesday,Strength,42,398
U0245,17-04-2024,Wednesday,Running,74,654
U0420,12-03-2024,Tuesday,Strength,28,251
U0226,06-01-2024,Saturday,Running,83,617
U0358,16-02-2024,Friday,Running,41,446
U0396,09-03-2024,Saturday,Running,83,386
U0408,20-02-2024,Tuesday,HIIT,69,739
U0085,01-04-2024,Monday,Yoga,88,216
U0291,11-01-2024,Thursday,Yoga,79,252
U0033,16-06-2024,Sunday,Running,20,604
U0321,21-03-2024,Thursday,Strength,54,342
U0400,31-05-2024,Friday,HIIT,22,623
U0135,21-06-2024,Friday,Strength,26,410
U0151,26-02-2024,Monday,Strength,84,308
U0203,06-04-2024,Saturday,Running,89,685
U0132,16-04-2024,Tuesday,Strength,36,406
U0189,17-06-2024,Monday,Yoga,31,252
U0077,25-04-2024,Thursday,Strength,41,464
U0021,27-06-2024,Thursday,Strength,69,386
U0018,27-03-2024,Wednesday,Running,49,661
U0126,24-02-2024,Saturday,Running,70,547
U0242,28-06-2024,Friday,Running,90,369
U0467,27-05-2024,Monday,Walking,55,231
U0232,10-05-2024,Friday,Walking,84,184
U0347,02-06-2024,Sunday,Running,69,541
U0349,13-02-2024,Tuesday,Walking,85,106
U0380,21-03-2024,Thursday,Walking,61,135
U0072,31-01-2024,Wednesday,Walking,78,119
U0280,12-04-2024,Friday,Walking,76,115
U0391,18-01-2024,Thursday,Strength,40,442
U0298,15-02-2024,Thursday,HIIT,30,601
U0288,09-02-2024,Friday,Strength,61,437
U0378,02-01-2024,Tuesday,HIIT,74,557
U0150,10-02-2024,Saturday,Running,46,667
U0491,24-03-2024,Sunday,Yoga,22,211
U0231,07-01-2024,Sunday,Strength,42,475
U0002,04-04-2024,Thursday,Yoga,87,179
U0338,03-03-2024,Sunday,Running,38,700
U0058,16-04-2024,Tuesday,Strength,84,392
U0340,26-02-2024,Monday,Walking,34,113
U0053,07-04-2024,Sunday,Walking,52,230
U0048,25-03-2024,Monday,Running,45,529
U0212,10-06-2024,Monday,Yoga,25,172
U0017,12-05-2024,Sunday,Walking,28,142
U0308,16-04-2024,Tuesday,HIIT,42,517
U0339,05-01-2024,Friday,Strength,38,496
U0095,13-06-2024,Thursday,Walking,79,238
U0002,18-04-2024,Thursday,HIIT,34,437
U0208,10-04-2024,Wednesday,Cycling,21,266
U0123,08-06-2024,Saturday,Running,78,329
U0144,09-03-2024,Saturday,Cycling,61,445
U0172,13-05-2024,Monday,Walking,82,175
U0415,18-06-2024,Tuesday,Walking,38,204
U0306,05-01-2024,Friday,HIIT,31,477
U0094,21-05-2024,Tuesday,Yoga,77,183
U0001,03-02-2024,Saturday,Yoga,51,154
U0182,26-02-2024,Monday,Walking,74,212
U0405,04-04-2024,Thursday,Yoga,22,299
U0280,07-02-2024,Wednesday,Running,65,667
U0190,11-03-2024,Monday,Walking,71,209
U0020,07-04-2024,Sunday,Strength,79,408
U0038,03-02-2024,Saturday,Yoga,59,290
U0488,06-03-2024,Wednesday,Cycling,87,344
U0006,08-04-2024,Monday,Strength,70,498
U0097,29-03-2024,Friday,Strength,39,326
U0385,21-05-2024,Tuesday,Walking,81,226
U0231,05-06-2024,Wednesday,Cycling,67,472
U0131,14-05-2024,Tuesday,Cycling,26,378
U0103,03-06-2024,Monday,HIIT,44,414
U0006,08-01-2024,Monday,Running,28,448
U0431,06-06-2024,Thursday,Walking,28,108
U0446,13-03-2024,Wednesday,Walking,29,232
U0416,27-05-2024,Monday,Strength,61,440
U0303,05-06-2024,Wednesday,HIIT,75,502
U0381,19-06-2024,Wednesday,Walking,37,232
U0094,29-02-2024,Thursday,Yoga,49,244
U0319,07-03-2024,Thursday,HIIT,71,682
U0206,16-05-2024,Thursday,Cycling,20,492
U0230,06-06-2024,Thursday,Strength,72,492
U0079,15-06-2024,Saturday,Walking,57,165
U0062,11-02-2024,Sunday,Yoga,48,169
U0436,13-04-2024,Saturday,Running,21,326
U0038,07-05-2024,Tuesday,Yoga,27,142
U0495,12-01-2024,Friday,Cycling,62,548
U0265,03-05-2024,Friday,Cycling,46,270
U0415,16-03-2024,Saturday,Yoga,55,260
U0253,20-04-2024,Saturday,Running,76,683
U0162,17-01-2024,Wednesday,Running,80,511
U0323,09-01-2024,Tuesday,Walking,65,142
U0443,17-05-2024,Friday,HIIT,64,448
U0019,03-06-2024,Monday,Running,65,560
U0374,25-01-2024,Thursday,Yoga,77,278
U0128,03-06-2024,Monday,Walking,34,221
U0002,13-01-2024,Saturday,Yoga,21,123
U0061,18-05-2024,Saturday,Yoga,22,274
U0042,18-05-2024,Saturday,Running,46,601
U0123,11-05-2024,Saturday,Yoga,89,295
U0338,23-04-2024,Tuesday,HIIT,89,430
U0047,07-04-2024,Sunday,Yoga,75,172
U0176,16-04-2024,Tuesday,Cycling,45,347
U0436,06-01-2024,Saturday,HIIT,84,608
U0248,11-01-2024,Thursday,HIIT,41,626
U0444,26-02-2024,Monday,Running,31,402
U0050,26-03-2024,Tuesday,HIIT,55,525
U0410,12-04-2024,Friday,Cycling,43,311
U0233,24-06-2024,Monday,Walking,40,220
U0348,02-01-2024,Tuesday,Strength,81,351
U0443,16-05-2024,Thursday,Walking,37,116
U0149,09-04-2024,Tuesday,Walking,29,169
U0216,04-05-2024,Saturday,Strength,72,327
U0193,01-01-2024,Monday,Yoga,49,218
U0155,05-01-2024,Friday,Cycling,67,534
U0265,12-04-2024,Friday,Running,62,326
U0123,21-04-2024,Sunday,Running,67,322
U0137,03-01-2024,Wednesday,HIIT,89,650
U0304,31-01-2024,Wednesday,Cycling,27,371
U0070,06-01-2024,Saturday,HIIT,53,742
U0388,04-04-2024,Thursday,HIIT,79,789
U0295,15-06-2024,Saturday,Cycling,70,275
U0069,28-04-2024,Sunday,Yoga,83,202
U0323,31-05-2024,Friday,Cycling,25,396
U0474,25-03-2024,Monday,Cycling,85,313
U0062,20-05-2024,Monday,HIIT,69,458
U0454,13-03-2024,Wednesday,Yoga,70,162
U0253,06-06-2024,Thursday,Strength,26,206
U0053,17-04-2024,Wednesday,Cycling,59,466
U0230,12-06-2024,Wednesday,Cycling,73,258
U0188,09-05-2024,Thursday,Yoga,23,170
U0118,22-06-2024,Saturday,Walking,31,113
U0178,14-05-2024,Tuesday,Strength,27,330
U0108,03-03-2024,Sunday,HIIT,61,378
U0496,08-03-2024,Friday,Walking,66,219
U0299,14-01-2024,Sunday,Yoga,78,140
U0273,11-04-2024,Thursday,Strength,58,309
U0199,01-02-2024,Thursday,HIIT,50,485
U0236,11-04-2024,Thursday,HIIT,20,474
U0434,01-05-2024,Wednesday,Walking,31,125
U0289,17-02-2024,Saturday,Cycling,23,434
U0098,06-02-2024,Tuesday,Walking,81,203
U0149,07-03-2024,Thursday,Running,43,587
U0418,11-04-2024,Thursday,Strength,68,295
U0225,01-05-2024,Wednesday,Cycling,40,523
U0123,24-06-2024,Monday,Cycling,22,298
U0316,18-02-2024,Sunday,Cycling,42,392
U0254,17-06-2024,Monday,Running,87,376
U0442,22-01-2024,Monday,Yoga,54,152
U0166,21-04-2024,Sunday,HIIT,28,365
U0367,10-04-2024,Wednesday,Yoga,51,159
U0321,08-02-2024,Thursday,Cycling,83,489
U0213,09-05-2024,Thursday,Walking,24,213
U0002,23-02-2024,Friday,HIIT,66,521
U0087,08-06-2024,Saturday,HIIT,58,722
U0328,01-05-2024,Wednesday,Walking,58,104
U0346,14-06-2024,Friday,Strength,80,285
U0216,05-02-2024,Monday,Yoga,20,123
U0098,10-05-2024,Friday,Walking,65,118
U0145,26-05-2024,Sunday,Strength,54,500
U0268,25-02-2024,Sunday,HIIT,82,781
U0132,02-06-2024,Sunday,Walking,84,180
U0008,13-03-2024,Wednesday,HIIT,46,460
U0068,26-02-2024,Monday,HIIT,52,430
U0300,29-06-2024,Saturday,HIIT,29,637
U0117,05-03-2024,Tuesday,Running,20,658
U0071,19-02-2024,Monday,HIIT,87,438
U0175,11-04-2024,Thursday,Walking,79,231
U0397,08-05-2024,Wednesday,HIIT,38,679
U0333,03-05-2024,Friday,Running,62,636
U0026,08-04-2024,Monday,Walking,29,194
U0206,19-03-2024,Tuesday,Strength,88,366
U0352,23-04-2024,Tuesday,HIIT,54,473
U0439,07-06-2024,Friday,Strength,39,225
U0031,26-05-2024,Sunday,Cycling,73,446
U0215,23-03-2024,Saturday,Yoga,60,295
U0170,07-05-2024,Tuesday,Walking,86,190
U0052,14-02-2024,Wednesday,Yoga,80,121
U0269,24-04-2024,Wednesday,Yoga,86,153
U0183,19-01-2024,Friday,Strength,68,254
U0457,06-03-2024,Wednesday,Yoga,53,270
U0074,21-02-2024,Wednesday,Cycling,87,523
U0429,22-03-2024,Friday,Strength,25,210
U0100,12-01-2024,Friday,HIIT,58,679
U0032,14-02-2024,Wednesday,Running,62,674
U0312,12-03-2024,Tuesday,Walking,28,249
U0395,20-04-2024,Saturday,Walking,28,247
U0450,04-05-2024,Saturday,Cycling,54,328
U0186,09-04-2024,Tuesday,HIIT,54,371
U0105,31-03-2024,Sunday,Strength,82,493
U0328,12-06-2024,Wednesday,Cycling,52,259
U0024,05-02-2024,Monday,Walking,75,137
U0334,12-01-2024,Friday,Cycling,31,521
U0144,05-06-2024,Wednesday,Running,79,397
U0289,22-04-2024,Monday,Walking,78,192
U0313,03-04-2024,Wednesday,Running,59,334
U0370,10-02-2024,Saturday,Cycling,20,517
U0448,11-04-2024,Thursday,Walking,85,162
U0332,26-02-2024,Monday,Cycling,74,579
U0085,27-04-2024,Saturday,Strength,81,250
U0099,28-06-2024,Friday,Running,69,506
U0191,24-01-2024,Wednesday,HIIT,31,500
U0454,07-04-2024,Sunday,Yoga,63,226
U0478,17-04-2024,Wednesday,Cycling,50,485
U0061,25-04-2024,Thursday,HIIT,84,466
U0348,26-05-2024,Sunday,Running,24,662
U0322,12-06-2024,Wednesday,Strength,27,438
U0166,29-06-2024,Saturday,Yoga,29,227
U0104,31-05-2024,Friday,HIIT,29,781
U0384,23-02-2024,Friday,Strength,85,233
U0309,15-01-2024,Monday,HIIT,58,435
U0424,20-05-2024,Monday,Cycling,84,531
U0269,06-01-2024,Saturday,Cycling,22,495
U0304,12-04-2024,Friday,Walking,33,185
U0378,23-01-2024,Tuesday,HIIT,89,617
U0434,16-06-2024,Sunday,Running,85,692
U0199,01-06-2024,Saturday,Running,35,324
U0400,07-02-2024,Wednesday,HIIT,38,464
U0464,29-06-2024,Saturday,HIIT,75,373
U0366,21-03-2024,Thursday,Running,73,551
U0442,12-05-2024,Sunday,Walking,48,224
U0227,01-03-2024,Friday,Walking,32,182
U0169,28-03-2024,Thursday,Walking,25,132
U0330,24-01-2024,Wednesday,HIIT,81,614
U0364,12-03-2024,Tuesday,Yoga,25,250
U0498,20-01-2024,Saturday,Yoga,28,133
U0480,28-02-2024,Wednesday,Walking,61,129
U0167,09-06-2024,Sunday,Strength,88,498
U0450,25-04-2024,Thursday,HIIT,77,677
U0412,09-06-2024,Sunday,Yoga,65,194
U0295,16-03-2024,Saturday,Running,49,695
U0034,20-04-2024,Saturday,Cycling,37,413
U0260,18-06-2024,Tuesday,Cycling,35,548
U0308,29-06-2024,Saturday,Walking,38,200
U0493,23-05-2024,Thursday,Walking,46,122
U0170,23-05-2024,Thursday,Yoga,58,178
U0047,06-04-2024,Saturday,Walking,67,163
U0299,20-04-2024,Saturday,Strength,23,349
U0434,30-04-2024,Tuesday,Walking,52,246
U0183,19-05-2024,Sunday,Yoga,30,188
U0227,01-01-2024,Monday,Yoga,21,139
U0208,24-05-2024,Friday,HIIT,29,753
U0429,11-03-2024,Monday,Walking,81,243
U0105,26-06-2024,Wednesday,Strength,77,264
U0148,19-06-2024,Wednesday,Walking,50,189
U0497,08-01-2024,Monday,HIIT,69,446
U0194,25-04-2024,Thursday,Strength,35,411
U0001,05-02-2024,Monday,Yoga,70,164
U0069,23-06-2024,Sunday,Walking,48,118
U0461,23-02-2024,Friday,Walking,76,191
U0317,05-01-2024,Friday,Running,80,531
U0142,13-04-2024,Saturday,Running,55,450
U0398,30-03-2024,Saturday,Running,78,455
U0445,06-04-2024,Saturday,Running,34,581
U0195,25-02-2024,Sunday,Running,65,676
U0389,10-02-2024,Saturday,Walking,43,167
U0416,24-01-2024,Wednesday,Yoga,25,260
U0381,26-03-2024,Tuesday,Yoga,28,189
U0449,20-05-2024,Monday,Strength,81,474
U0001,17-03-2024,Sunday,Strength,50,384
U0375,27-06-2024,Thursday,Running,67,651
U0077,01-04-2024,Monday,Running,34,433
U0302,22-03-2024,Friday,Cycling,28,254
U0147,03-03-2024,Sunday,Strength,83,248
U0027,27-06-2024,Thursday,HIIT,67,720
U0246,03-03-2024,Sunday,Running,59,405
U0129,28-02-2024,Wednesday,Strength,81,253
U0249,20-05-2024,Monday,Running,90,533
U0164,18-04-2024,Thursday,Yoga,36,133
U0334,01-01-2024,Monday,Cycling,74,586
U0191,08-03-2024,Friday,Cycling,45,456
U0028,17-02-2024,Saturday,HIIT,75,706
U0346,24-03-2024,Sunday,Cycling,41,298
U0014,13-04-2024,Saturday,Strength,81,238
U0379,30-05-2024,Thursday,HIIT,38,477
U0435,12-05-2024,Sunday,Cycling,36,319
U0119,30-05-2024,Thursday,Cycling,43,340
U0336,08-01-2024,Monday,Running,25,338
U0108,27-02-2024,Tuesday,HIIT,32,536
U0265,06-04-2024,Saturday,Running,47,381
U0348,13-03-2024,Wednesday,Yoga,36,167
U0396,17-03-2024,Sunday,HIIT,76,648
U0221,19-04-2024,Friday,Cycling,54,277
U0385,26-04-2024,Friday,Walking,80,192
U0091,08-06-2024,Saturday,Strength,49,371
U0197,13-04-2024,Saturday,Yoga,62,188
U0492,10-02-2024,Saturday,Yoga,51,135
U0054,09-03-2024,Saturday,Strength,67,497
U0082,14-03-2024,Thursday,Strength,54,362
U0174,23-02-2024,Friday,HIIT,72,523
U0079,15-03-2024,Friday,Cycling,69,553
U0244,21-01-2024,Sunday,Cycling,78,464
U0139,24-02-2024,Saturday,Walking,56,209
U0127,20-06-2024,Thursday,HIIT,23,425
U0290,30-04-2024,Tuesday,HIIT,50,562
U0182,27-02-2024,Tuesday,Walking,84,150
U0356,28-04-2024,Sunday,Running,23,425
U0195,16-01-2024,Tuesday,Strength,41,340
U0418,03-05-2024,Friday,HIIT,22,643
U0061,03-02-2024,Saturday,Running,56,503
U0204,17-02-2024,Saturday,Yoga,55,282
U0177,13-04-2024,Saturday,Cycling,44,305
U0441,30-05-2024,Thursday,Walking,58,229
U0434,19-06-2024,Wednesday,Running,34,392
U0291,27-04-2024,Saturday,Running,72,531
U0115,25-02-2024,Sunday,Yoga,48,128
U0087,30-03-2024,Saturday,HIIT,23,658
U0375,29-05-2024,Wednesday,Running,30,399
U0244,19-06-2024,Wednesday,Strength,81,340
U0145,12-01-2024,Friday,HIIT,89,386
U0253,02-06-2024,Sunday,Cycling,24,378
U0006,13-03-2024,Wednesday,HIIT,30,685
U0458,10-01-2024,Wednesday,Cycling,87,463
U0017,19-01-2024,Friday,HIIT,25,782
U0133,08-05-2024,Wednesday,Walking,62,153
U0164,20-02-2024,Tuesday,Running,74,331
U0106,19-05-2024,Sunday,Strength,27,250
U0405,06-05-2024,Monday,Running,46,369
U0070,18-03-2024,Monday,Strength,20,245
U0062,03-02-2024,Saturday,HIIT,78,598
U0396,04-06-2024,Tuesday,Cycling,75,511
U0441,19-04-2024,Friday,Cycling,29,533
U0155,06-06-2024,Thursday,Running,68,362
U0061,30-03-2024,Saturday,Yoga,26,141
U0027,15-04-2024,Monday,HIIT,75,558
U0130,29-03-2024,Friday,Yoga,41,287
U0458,20-01-2024,Saturday,Running,37,624
U0479,29-04-2024,Monday,HIIT,89,619
U0219,09-04-2024,Tuesday,HIIT,56,379
U0190,28-01-2024,Sunday,HIIT,63,456
U0187,09-05-2024,Thursday,Yoga,38,283
U0200,13-04-2024,Saturday,Cycling,66,437
U0244,06-01-2024,Saturday,Walking,25,156
U0003,06-04-2024,Saturday,HIIT,73,577
U0449,02-01-2024,Tuesday,Running,72,509
U0498,26-01-2024,Friday,Strength,37,441
U0099,08-05-2024,Wednesday,Walking,34,158
U0074,21-05-2024,Tuesday,Cycling,43,534
U0143,30-04-2024,Tuesday,Yoga,39,211
U0140,24-01-2024,Wednesday,Running,90,437
U0456,27-01-2024,Saturday,Walking,34,180
U0100,22-03-2024,Friday,Strength,38,267
U0406,21-04-2024,Sunday,Yoga,35,212
U0307,28-04-2024,Sunday,HIIT,50,785
U0013,17-03-2024,Sunday,Running,56,664
U0447,02-02-2024,Friday,HIIT,32,634
U0410,26-04-2024,Friday,Yoga,36,164
U0346,22-05-2024,Wednesday,HIIT,48,604
U0329,07-01-2024,Sunday,Walking,49,137
U0050,26-02-2024,Monday,Walking,76,181
U0417,25-03-2024,Monday,HIIT,61,506
U0279,12-03-2024,Tuesday,Cycling,20,558
U0354,17-03-2024,Sunday,Yoga,39,259
U0035,13-01-2024,Saturday,Strength,62,319
U0191,23-04-2024,Tuesday,Running,30,504
U0475,27-02-2024,Tuesday,Strength,28,229
U0113,11-06-2024,Tuesday,Running,85,443
U0328,05-06-2024,Wednesday,Strength,57,455
U0166,03-01-2024,Wednesday,HIIT,56,478
U0109,18-03-2024,Monday,HIIT,20,582
U0158,29-01-2024,Monday,Walking,62,236
U0174,21-03-2024,Thursday,Strength,56,289
U0289,06-04-2024,Saturday,Running,40,442
U0391,24-02-2024,Saturday,Cycling,38,423
U0477,26-02-2024,Monday,Running,61,627
U0024,12-03-2024,Tuesday,Running,37,609
U0227,10-02-2024,Saturday,Running,82,451
U0014,18-03-2024,Monday,Running,72,537
U0303,15-02-2024,Thursday,Strength,68,202
U0065,31-03-2024,Sunday,Running,47,362
U0155,16-05-2024,Thursday,Yoga,20,131
U0025,28-01-2024,Sunday,HIIT,50,666
U0251,03-06-2024,Monday,Strength,30,229
U0095,28-05-2024,Tuesday,Walking,63,187
U0193,22-06-2024,Saturday,Yoga,83,214
U0002,25-04-2024,Thursday,HIIT,38,722
U0070,29-02-2024,Thursday,Running,69,633
U0394,20-01-2024,Saturday,Yoga,62,232
U0228,04-01-2024,Thursday,Walking,35,126
U0472,21-01-2024,Sunday,Walking,77,114
U0177,15-02-2024,Thursday,Walking,80,247
U0082,21-05-2024,Tuesday,Running,61,544
U0409,08-06-2024,Saturday,Running,39,367
U0321,20-05-2024,Monday,Walking,76,209
U0105,26-03-2024,Tuesday,Cycling,37,351
U0183,29-05-2024,Wednesday,Cycling,29,443
U0332,11-05-2024,Saturday,Yoga,73,141
U0311,20-03-2024,Wednesday,Cycling,22,264
U0396,03-03-2024,Sunday,HIIT,88,456
U0133,21-04-2024,Sunday,Yoga,84,276
U0387,17-05-2024,Friday,Walking,53,227
U0212,28-03-2024,Thursday,HIIT,29,371
U0051,11-03-2024,Monday,Walking,23,174
U0095,20-04-2024,Saturday,Strength,48,449
U0162,29-03-2024,Friday,Cycling,51,437
U0315,30-04-2024,Tuesday,Strength,53,350
U0082,12-02-2024,Monday,Yoga,56,150
U0321,05-02-2024,Monday,Yoga,20,153
U0197,16-05-2024,Thursday,Yoga,34,133
U0385,24-04-2024,Wednesday,Strength,83,363
U0315,22-04-2024,Monday,HIIT,47,387
U0295,29-01-2024,Monday,Yoga,75,215
U0404,20-02-2024,Tuesday,Yoga,83,296
U0498,06-05-2024,Monday,Walking,79,113
U0235,07-01-2024,Sunday,Cycling,49,562
U0232,22-05-2024,Wednesday,Walking,38,139
U0356,15-01-2024,Monday,HIIT,54,554
U0007,11-04-2024,Thursday,Cycling,72,362
U0219,21-02-2024,Wednesday,Running,34,334
U0457,22-06-2024,Saturday,HIIT,57,768
U0396,19-05-2024,Sunday,Cycling,46,358
U0196,06-01-2024,Saturday,HIIT,41,605
U0358,22-02-2024,Thursday,Strength,21,329
U0457,21-04-2024,Sunday,HIIT,37,493
U0367,14-01-2024,Sunday,Running,44,374
U0465,24-05-2024,Friday,Cycling,67,584
U0150,10-04-2024,Wednesday,Running,80,476
U0111,14-05-2024,Tuesday,Walking,85,117
U0032,13-03-2024,Wednesday,Running,54,423
U0175,20-01-2024,Saturday,Walking,47,231
U0331,25-02-2024,Sunday,Strength,59,458
U0022,08-06-2024,Saturday,Walking,21,172
U0230,29-01-2024,Monday,Strength,77,246
U0080,28-04-2024,Sunday,Walking,33,152
U0248,28-06-2024,Friday,Running,75,347
U0410,12-05-2024,Sunday,Strength,34,440
U0225,01-04-2024,Monday,HIIT,86,561
U0244,11-01-2024,Thursday,Walking,61,148
U0131,01-04-2024,Monday,Walking,89,212
U0362,08-02-2024,Thursday,HIIT,67,646
U0084,13-03-2024,Wednesday,Cycling,69,587
U0172,23-05-2024,Thursday,Running,28,648
U0281,04-05-2024,Saturday,HIIT,46,753
U0175,22-02-2024,Thursday,Cycling,79,495
U0416,14-06-2024,Friday,Cycling,52,285
U0085,22-03-2024,Friday,Cycling,86,403
U0412,19-05-2024,Sunday,Strength,44,441
U0328,26-04-2024,Friday,Cycling,41,493
U0062,08-05-2024,Wednesday,Yoga,37,297
U0472,09-04-2024,Tuesday,Cycling,20,558
U0075,19-01-2024,Friday,Running,38,666
U0251,25-02-2024,Sunday,Walking,26,124
U0388,07-06-2024,Friday,Walking,74,221
U0056,06-04-2024,Saturday,Yoga,75,223
U0021,04-06-2024,Tuesday,HIIT,68,748
U0009,05-01-2024,Friday,HIIT,66,695
U0350,03-04-2024,Wednesday,Cycling,78,352
U0297,20-01-2024,Saturday,Yoga,51,237
U0245,20-06-2024,Thursday,Cycling,73,308
U0059,22-01-2024,Monday,Yoga,24,131
U0215,03-01-2024,Wednesday,Running,84,316
U0368,23-02-2024,Friday,Walking,53,242
U0471,22-02-2024,Thursday,Cycling,60,509
U0458,23-01-2024,Tuesday,HIIT,43,591
U0047,05-03-2024,Tuesday,Strength,51,398
U0348,02-03-2024,Saturday,Cycling,22,296
U0217,03-04-2024,Wednesday,Cycling,86,408
U0440,31-05-2024,Friday,Cycling,83,315
U0353,21-06-2024,Friday,Walking,38,177
U0342,06-04-2024,Saturday,Running,60,344
U0144,23-02-2024,Friday,Cycling,83,455
U0451,14-06-2024,Friday,Walking,45,151
U0416,04-01-2024,Thursday,Running,27,329
U0121,17-01-2024,Wednesday,HIIT,76,787
U0496,12-01-2024,Friday,Cycling,87,368
U0279,02-06-2024,Sunday,Cycling,26,367
U0325,23-04-2024,Tuesday,Strength,74,401
U0470,13-06-2024,Thursday,Running,85,342
U0179,26-05-2024,Sunday,Yoga,78,237
U0467,26-02-2024,Monday,Running,31,318
U0005,05-06-2024,Wednesday,Strength,83,457
U0049,22-05-2024,Wednesday,HIIT,35,660
U0243,14-04-2024,Sunday,Walking,65,224
U0219,02-05-2024,Thursday,Walking,32,132
U0337,15-05-2024,Wednesday,HIIT,47,619
U0013,23-01-2024,Tuesday,Walking,70,144
U0304,10-02-2024,Saturday,Cycling,74,472
U0006,25-05-2024,Saturday,Walking,44,183
U0087,17-02-2024,Saturday,HIIT,88,647
U0124,22-03-2024,Friday,HIIT,88,668
U0246,29-04-2024,Monday,Cycling,75,558
U0282,18-02-2024,Sunday,HIIT,67,365
U0471,15-03-2024,Friday,Running,76,355
U0097,26-05-2024,Sunday,Running,37,602
U0274,16-05-2024,Thursday,Strength,30,469
U0029,15-06-2024,Saturday,Yoga,25,167
U0268,24-04-2024,Wednesday,HIIT,82,670
U0329,05-01-2024,Friday,Cycling,45,313
U0033,13-06-2024,Thursday,HIIT,70,437
U0387,06-01-2024,Saturday,Strength,64,316
U0209,03-06-2024,Monday,Cycling,35,537
U0007,07-05-2024,Tuesday,Walking,45,208
U0072,07-03-2024,Thursday,Walking,77,183
U0254,25-06-2024,Tuesday,Running,55,456
U0131,13-01-2024,Saturday,Walking,68,177
U0130,05-04-2024,Friday,Cycling,52,283
U0459,20-05-2024,Monday,HIIT,73,609
U0403,16-03-2024,Saturday,HIIT,49,569
U0438,16-04-2024,Tuesday,Strength,47,465
U0079,08-01-2024,Monday,Walking,78,230
U0462,04-06-2024,Tuesday,Yoga,51,224
U0154,03-03-2024,Sunday,Walking,75,106
U0391,19-03-2024,Tuesday,Yoga,27,272
U0206,28-04-2024,Sunday,Cycling,21,484
U0291,12-01-2024,Friday,Walking,79,180
U0139,11-06-2024,Tuesday,Yoga,20,127
U0172,23-05-2024,Thursday,Yoga,34,293
U0154,28-03-2024,Thursday,Running,43,587
U0453,17-01-2024,Wednesday,Cycling,79,385
U0385,05-05-2024,Sunday,HIIT,62,422
U0337,31-03-2024,Sunday,HIIT,23,444
U0419,08-03-2024,Friday,Cycling,90,595
U0057,26-06-2024,Wednesday,Running,87,486
U0367,22-06-2024,Saturday,Yoga,64,140
U0021,03-06-2024,Monday,Walking,30,222
U0341,18-03-2024,Monday,Yoga,65,176
U0473,16-04-2024,Tuesday,Cycling,80,528
U0127,23-04-2024,Tuesday,Yoga,69,142
U0192,18-04-2024,Thursday,Walking,41,208
U0015,11-05-2024,Saturday,Yoga,87,287
U0008,30-05-2024,Thursday,HIIT,27,658
U0124,06-01-2024,Saturday,Cycling,63,473
U0017,25-03-2024,Monday,Walking,89,158
U0347,26-01-2024,Friday,Cycling,47,367
U0158,08-05-2024,Wednesday,Yoga,31,286
U0190,04-06-2024,Tuesday,Cycling,71,437
U0403,01-03-2024,Friday,Running,51,430
U0227,06-04-2024,Saturday,Strength,43,256
U0150,31-05-2024,Friday,Running,56,621
U0332,17-03-2024,Sunday,Cycling,75,440
U0341,29-05-2024,Wednesday,Strength,81,254
U0209,07-02-2024,Wednesday,Walking,34,186
U0415,17-01-2024,Wednesday,Strength,47,418
U0381,14-01-2024,Sunday,Walking,84,125
U0304,20-05-2024,Monday,Cycling,70,288
U0223,03-05-2024,Friday,Running,23,483
U0250,01-01-2024,Monday,Strength,57,241
U0029,06-03-2024,Wednesday,Yoga,60,165
U0381,13-05-2024,Monday,Cycling,83,563
U0327,29-03-2024,Friday,Running,41,604
U0025,01-03-2024,Friday,Walking,26,204
U0351,25-06-2024,Tuesday,Strength,64,474
U0123,18-04-2024,Thursday,HIIT,84,775
U0341,03-02-2024,Saturday,Strength,42,251
U0144,06-04-2024,Saturday,Running,32,579
U0121,17-05-2024,Friday,Walking,90,240
U0379,20-02-2024,Tuesday,Walking,29,205
U0114,16-04-2024,Tuesday,Running,50,575
U0126,07-04-2024,Sunday,HIIT,21,681
U0220,03-05-2024,Friday,Cycling,25,261
U0358,26-01-2024,Friday,Running,80,304
U0288,03-04-2024,Wednesday,Running,88,610
U0004,15-05-2024,Wednesday,Yoga,30,269
U0409,13-06-2024,Thursday,Yoga,66,227
U0177,27-03-2024,Wednesday,Strength,34,419
U0121,22-04-2024,Monday,Strength,34,456
U0434,18-04-2024,Thursday,Cycling,65,304
U0473,22-04-2024,Monday,HIIT,48,456
U0051,20-02-2024,Tuesday,HIIT,87,723
U0112,24-06-2024,Monday,Walking,56,200
U0454,07-04-2024,Sunday,Cycling,83,354
U0037,27-04-2024,Saturday,Strength,32,252
U0152,10-05-2024,Friday,Cycling,34,453
U0135,02-05-2024,Thursday,Running,52,498
U0304,10-05-2024,Friday,Strength,22,486
U0002,08-01-2024,Monday,Yoga,89,294
U0354,21-01-2024,Sunday,Yoga,43,300
U0248,15-01-2024,Monday,Strength,62,232
U0026,06-04-2024,Saturday,Walking,38,143
U0066,11-05-2024,Saturday,Cycling,55,313
U0275,30-01-2024,Tuesday,Strength,71,371
U0270,05-06-2024,Wednesday,Walking,86,248
U0315,24-04-2024,Wednesday,HIIT,27,601
U0057,12-03-2024,Tuesday,HIIT,72,727
U0284,07-06-2024,Friday,HIIT,33,458
U0209,03-03-2024,Sunday,Running,72,402
U0230,15-02-2024,Thursday,Walking,73,205
U0112,04-05-2024,Saturday,HIIT,84,619
U0455,29-05-2024,Wednesday,Running,70,571
U0330,04-01-2024,Thursday,Strength,29,296
U0059,09-04-2024,Tuesday,Cycling,44,311
U0169,09-03-2024,Saturday,HIIT,24,474
U0345,11-02-2024,Sunday,HIIT,65,747
U0258,27-02-2024,Tuesday,Yoga,73,273
U0079,03-05-2024,Friday,Yoga,47,159
U0055,22-04-2024,Monday,Yoga,28,202
U0323,06-03-2024,Wednesday,Strength,73,293
U0208,10-01-2024,Wednesday,Running,89,502
U0051,23-02-2024,Friday,Walking,52,155
U0398,14-01-2024,Sunday,HIIT,51,616
U0397,08-06-2024,Saturday,Running,74,656
U0276,28-04-2024,Sunday,Cycling,55,266
U0236,03-05-2024,Friday,Walking,44,230
U0033,18-01-2024,Thursday,Cycling,47,490
U0245,26-06-2024,Wednesday,Cycling,35,586
U0157,03-02-2024,Saturday,Walking,41,234
U0451,28-02-2024,Wednesday,Running,72,644
U0158,04-01-2024,Thursday,Running,89,351
U0152,21-05-2024,Tuesday,Yoga,39,127
U0126,04-04-2024,Thursday,Running,59,524
U0219,17-06-2024,Monday,Running,63,513
U0159,06-05-2024,Monday,Yoga,44,278
U0020,22-03-2024,Friday,Yoga,37,143
U0198,20-01-2024,Saturday,Walking,29,181
U0316,09-03-2024,Saturday,Cycling,42,574
U0365,07-04-2024,Sunday,Strength,74,491
U0119,17-05-2024,Friday,Strength,31,233
U0401,19-02-2024,Monday,HIIT,22,493
U0151,01-01-2024,Monday,Strength,74,296
U0098,21-02-2024,Wednesday,Yoga,86,178
U0242,04-04-2024,Thursday,Running,87,495
U0260,21-04-2024,Sunday,Yoga,56,183
U0484,07-06-2024,Friday,Cycling,90,425
U0175,06-01-2024,Saturday,HIIT,64,763
U0312,10-03-2024,Sunday,Strength,21,416
U0108,23-03-2024,Saturday,HIIT,32,482
U0064,20-05-2024,Monday,HIIT,45,490
U0282,10-05-2024,Friday,Strength,47,405
U0265,21-04-2024,Sunday,Strength,77,496
U0009,14-04-2024,Sunday,Walking,33,113
U0044,07-03-2024,Thursday,HIIT,76,758
U0134,24-04-2024,Wednesday,Running,63,500
U0001,16-06-2024,Sunday,Yoga,29,228
U0197,05-05-2024,Sunday,Walking,57,172
U0356,23-02-2024,Friday,Yoga,75,203
U0389,05-01-2024,Friday,Walking,62,158
U0249,28-03-2024,Thursday,Yoga,25,165
U0242,28-06-2024,Friday,HIIT,41,367
U0170,15-01-2024,Monday,Walking,50,144
U0387,06-04-2024,Saturday,Yoga,85,225
U0294,03-03-2024,Sunday,Walking,72,182
U0263,30-03-2024,Saturday,Cycling,22,293
U0225,20-05-2024,Monday,HIIT,68,350
U0330,08-05-2024,Wednesday,Yoga,38,237
U0389,01-05-2024,Wednesday,Running,47,498
U0383,18-04-2024,Thursday,Cycling,52,598
U0207,10-05-2024,Friday,HIIT,68,625
U0346,08-02-2024,Thursday,Cycling,48,475
U0366,13-01-2024,Saturday,Strength,48,343
U0237,28-04-2024,Sunday,Strength,42,398
U0228,17-05-2024,Friday,Yoga,25,261
U0136,06-05-2024,Monday,Yoga,54,286
U0365,26-03-2024,Tuesday,Cycling,65,478
U0493,02-03-2024,Saturday,Strength,69,443
U0136,08-02-2024,Thursday,Running,81,515
U0180,21-02-2024,Wednesday,Yoga,31,240
U0031,08-06-2024,Saturday,HIIT,27,785
U0379,09-01-2024,Tuesday,Strength,67,276
U0370,08-03-2024,Friday,Yoga,51,287
U0176,16-02-2024,Friday,Cycling,36,470
U0134,29-04-2024,Monday,Running,30,335
U0423,17-04-2024,Wednesday,Running,30,607
U0427,21-03-2024,Thursday,Running,31,580
U0384,24-04-2024,Wednesday,Yoga,71,199
U0218,24-01-2024,Wednesday,HIIT,72,493
U0376,29-05-2024,Wednesday,Strength,71,480
U0380,05-04-2024,Friday,Walking,37,104
U0270,13-06-2024,Thursday,HIIT,28,704
U0002,16-02-2024,Friday,HIIT,43,511
U0430,03-05-2024,Friday,Walking,50,117
U0130,15-01-2024,Monday,Yoga,28,256
U0158,04-05-2024,Saturday,Yoga,77,261
U0376,08-05-2024,Wednesday,Yoga,41,196
U0002,18-02-2024,Sunday,Yoga,53,124
U0401,09-05-2024,Thursday,Strength,48,408
U0474,07-05-2024,Tuesday,Strength,58,304
U0259,21-06-2024,Friday,Cycling,21,431
U0462,17-04-2024,Wednesday,Yoga,88,173
U0187,12-06-2024,Wednesday,Cycling,35,531
U0415,27-05-2024,Monday,HIIT,58,633
U0170,02-04-2024,Tuesday,HIIT,34,460
U0106,25-01-2024,Thursday,HIIT,48,630
U0375,15-01-2024,Monday,Cycling,88,382
U0361,04-06-2024,Tuesday,Cycling,59,302
U0382,02-03-2024,Saturday,Running,33,388
U0464,19-02-2024,Monday,Yoga,31,222
U0043,26-03-2024,Tuesday,Walking,65,157
U0020,18-02-2024,Sunday,Running,59,451
U0344,26-01-2024,Friday,Running,72,484
U0164,26-04-2024,Friday,Strength,75,355
U0380,17-02-2024,Saturday,HIIT,32,524
U0029,16-04-2024,Tuesday,Yoga,30,125
U0329,07-04-2024,Sunday,Walking,31,133
U0082,19-06-2024,Wednesday,Yoga,37,223
U0423,08-05-2024,Wednesday,Cycling,39,292
U0088,15-06-2024,Saturday,Strength,68,299
U0255,26-05-2024,Sunday,Walking,31,158
U0072,18-06-2024,Tuesday,Walking,65,216
U0026,29-06-2024,Saturday,Cycling,40,265
U0287,27-03-2024,Wednesday,HIIT,83,634
U0481,01-02-2024,Thursday,Cycling,64,401
U0170,22-06-2024,Saturday,HIIT,22,554
U0413,07-04-2024,Sunday,Running,56,582
U0215,01-04-2024,Monday,Yoga,81,222
U0012,06-03-2024,Wednesday,Running,84,673
U0494,25-06-2024,Tuesday,Yoga,46,219
U0221,04-02-2024,Sunday,Cycling,85,501
U0373,07-04-2024,Sunday,Yoga,74,279
U0200,17-06-2024,Monday,Running,73,631
U0410,19-02-2024,Monday,HIIT,68,690
U0463,21-01-2024,Sunday,HIIT,21,518
U0390,06-03-2024,Wednesday,HIIT,61,717
U0149,19-03-2024,Tuesday,Running,35,432
U0158,22-04-2024,Monday,Cycling,50,433
U0328,15-01-2024,Monday,HIIT,62,602
U0414,22-05-2024,Wednesday,Yoga,85,223
U0428,25-03-2024,Monday,Strength,39,473
U0447,10-02-2024,Saturday,HIIT,41,619
U0079,03-03-2024,Sunday,Yoga,46,250
U0275,17-03-2024,Sunday,Walking,74,104
U0313,12-04-2024,Friday,Yoga,61,242
U0295,24-03-2024,Sunday,HIIT,80,532
U0042,02-05-2024,Thursday,Yoga,64,273
U0141,17-05-2024,Friday,Walking,78,174
U0498,14-05-2024,Tuesday,Strength,40,261
U0405,06-06-2024,Thursday,HIIT,83,487
U0183,22-03-2024,Friday,Running,65,698
U0226,15-05-2024,Wednesday,HIIT,74,455
U0378,09-05-2024,Thursday,Cycling,27,452
U0295,01-05-2024,Wednesday,Walking,39,171
U0389,18-05-2024,Saturday,Walking,47,197
U0211,21-05-2024,Tuesday,Running,86,692
U0498,09-01-2024,Tuesday,Yoga,21,196
U0430,26-03-2024,Tuesday,Cycling,76,373
U0383,04-05-2024,Saturday,Running,64,467
U0177,03-03-2024,Sunday,HIIT,39,598
U0477,13-04-2024,Saturday,Walking,37,152
U0203,27-06-2024,Thursday,Yoga,28,296
U0421,30-03-2024,Saturday,Strength,76,278
U0187,11-01-2024,Thursday,Cycling,30,414
U0441,06-01-2024,Saturday,Walking,83,122
U0469,10-02-2024,Saturday,Strength,43,389
U0329,11-05-2024,Saturday,Yoga,56,120
U0426,03-05-2024,Friday,Yoga,30,298
U0034,26-04-2024,Friday,Strength,67,493
U0154,25-01-2024,Thursday,Yoga,41,292
U0318,18-05-2024,Saturday,Cycling,86,594
U0340,26-05-2024,Sunday,Strength,54,379
U0299,10-01-2024,Wednesday,Strength,22,334
U0327,19-03-2024,Tuesday,Cycling,75,491
U0441,15-04-2024,Monday,HIIT,42,743
U0250,13-04-2024,Saturday,Walking,50,218
U0239,01-02-2024,Thursday,Running,26,356
U0440,28-02-2024,Wednesday,Yoga,53,138
U0248,04-02-2024,Sunday,Cycling,65,489
U0054,27-02-2024,Tuesday,Yoga,54,244
U0274,25-03-2024,Monday,Walking,67,160
U0441,07-02-2024,Wednesday,HIIT,66,777
U0403,29-03-2024,Friday,Strength,58,250
U0207,12-01-2024,Friday,Cycling,87,384
U0211,12-02-2024,Monday,Cycling,47,585
U0154,05-01-2024,Friday,Strength,33,427
U0131,06-05-2024,Monday,Walking,82,189
U0366,22-03-2024,Friday,HIIT,63,495
U0366,13-04-2024,Saturday,Running,35,536
U0040,27-04-2024,Saturday,Yoga,23,146
U0482,08-04-2024,Monday,Strength,54,478
U0484,15-05-2024,Wednesday,Yoga,60,221
U0297,01-03-2024,Friday,Walking,90,163
U0181,20-02-2024,Tuesday,Strength,82,382
U0305,14-04-2024,Sunday,Running,82,329
U0110,10-03-2024,Sunday,Running,47,418
U0039,10-03-2024,Sunday,Cycling,26,489
U0500,06-06-2024,Thursday,Cycling,75,594
U0212,23-04-2024,Tuesday,Running,54,566
U0469,26-04-2024,Friday,Walking,49,139
U0200,07-01-2024,Sunday,HIIT,42,471
U0415,31-05-2024,Friday,Yoga,28,253
U0054,23-01-2024,Tuesday,Cycling,36,335
U0166,10-02-2024,Saturday,Strength,30,479
U0432,26-03-2024,Tuesday,HIIT,59,672
U0194,05-04-2024,Friday,Walking,47,173
U0474,20-01-2024,Saturday,Running,86,349
U0196,25-04-2024,Thursday,Cycling,85,423
U0423,14-06-2024,Friday,Walking,89,209
U0263,18-03-2024,Monday,Running,88,698
U0344,04-02-2024,Sunday,Cycling,23,383
U0125,23-03-2024,Saturday,Yoga,27,167
U0107,09-04-2024,Tuesday,Running,45,300
U0465,03-05-2024,Friday,Running,21,515
U0498,19-05-2024,Sunday,Cycling,79,323
U0216,16-06-2024,Sunday,Strength,28,248
U0022,13-03-2024,Wednesday,HIIT,87,686
U0053,08-05-2024,Wednesday,Strength,48,282
U0336,25-03-2024,Monday,Strength,52,352
U0314,22-01-2024,Monday,Strength,24,210
U0408,25-05-2024,Saturday,Running,82,630
U0417,18-06-2024,Tuesday,Running,77,649
U0287,26-05-2024,Sunday,Running,44,503
U0489,03-01-2024,Wednesday,Strength,55,326
U0327,11-04-2024,Thursday,Walking,37,100
U0072,14-02-2024,Wednesday,Running,74,592
U0406,11-03-2024,Monday,HIIT,21,745
U0280,29-02-2024,Thursday,HIIT,58,352
U0186,24-04-2024,Wednesday,Cycling,61,495
U0294,25-02-2024,Sunday,Walking,64,112
U0465,23-01-2024,Tuesday,Cycling,89,346
U0263,11-06-2024,Tuesday,HIIT,81,523
U0052,06-05-2024,Monday,Strength,30,216
U0257,25-04-2024,Thursday,Running,58,337
U0048,10-04-2024,Wednesday,Yoga,89,281
U0107,02-03-2024,Saturday,Strength,69,485
U0235,28-04-2024,Sunday,Walking,75,179
U0167,16-06-2024,Sunday,Walking,78,120
U0328,30-04-2024,Tuesday,Cycling,25,365
U0384,25-04-2024,Thursday,Yoga,83,149
U0144,16-05-2024,Thursday,Running,58,658
U0177,09-04-2024,Tuesday,Running,63,448
U0457,02-04-2024,Tuesday,HIIT,58,405
U0248,27-05-2024,Monday,Strength,70,348
U0215,28-03-2024,Thursday,Strength,39,277
U0350,27-05-2024,Monday,Cycling,57,422
U0297,03-01-2024,Wednesday,HIIT,84,789
U0380,16-04-2024,Tuesday,Running,75,494
U0035,25-02-2024,Sunday,HIIT,36,669
U0453,22-04-2024,Monday,Strength,76,220
U0292,24-05-2024,Friday,Strength,38,439
U0451,23-04-2024,Tuesday,Running,30,328
U0284,01-06-2024,Saturday,Strength,42,408
U0148,21-02-2024,Wednesday,Cycling,49,600
U0111,06-06-2024,Thursday,HIIT,49,753
U0417,08-01-2024,Monday,Strength,53,201
U0336,03-02-2024,Saturday,Cycling,63,525
U0307,19-03-2024,Tuesday,Running,37,558
U0017,07-04-2024,Sunday,Yoga,52,206
U0400,28-03-2024,Thursday,Cycling,33,546
U0132,12-02-2024,Monday,Yoga,64,255
U0499,23-04-2024,Tuesday,Strength,58,215
U0441,18-04-2024,Thursday,HIIT,87,364
U0022,28-02-2024,Wednesday,Walking,36,108
U0462,24-01-2024,Wednesday,HIIT,61,653
U0339,03-02-2024,Saturday,HIIT,80,615
U0104,28-06-2024,Friday,Running,52,380
U0089,27-05-2024,Monday,Running,80,641
U0219,03-01-2024,Wednesday,Cycling,44,343
U0242,02-01-2024,Tuesday,Running,61,340
U0174,24-06-2024,Monday,Running,39,310
U0043,05-05-2024,Sunday,Yoga,58,137
U0256,07-06-2024,Friday,Cycling,28,387
U0164,15-06-2024,Saturday,Walking,22,246
U0230,05-03-2024,Tuesday,Yoga,41,221
U0466,28-03-2024,Thursday,Yoga,89,123
U0488,06-05-2024,Monday,Cycling,50,534
U0219,13-01-2024,Saturday,Running,53,471
U0206,04-05-2024,Saturday,Running,54,679
U0318,11-06-2024,Tuesday,Strength,20,254
U0255,04-06-2024,Tuesday,Strength,36,379
U0067,12-01-2024,Friday,Running,39,581
U0497,24-05-2024,Friday,Strength,20,301
U0300,28-03-2024,Thursday,HIIT,40,673
U0469,23-03-2024,Saturday,Running,29,519
U0308,12-02-2024,Monday,Running,79,471
U0469,16-02-2024,Friday,Yoga,79,225
U0178,02-06-2024,Sunday,Running,86,579
U0335,27-05-2024,Monday,Strength,77,436
U0452,07-03-2024,Thursday,Yoga,44,170
U0319,28-04-2024,Sunday,HIIT,83,593
U0173,13-04-2024,Saturday,Walking,59,140
U0315,26-05-2024,Sunday,Running,48,438
U0065,16-03-2024,Saturday,Strength,73,225
U0005,02-06-2024,Sunday,Running,73,657
U0066,14-03-2024,Thursday,Cycling,71,320
U0473,09-01-2024,Tuesday,Cycling,72,556
U0368,09-03-2024,Saturday,Walking,27,161
U0056,30-01-2024,Tuesday,Strength,43,233
U0492,25-03-2024,Monday,Strength,21,467
U0471,05-06-2024,Wednesday,Cycling,47,562
U0084,10-02-2024,Saturday,HIIT,88,665
U0351,16-04-2024,Tuesday,Walking,81,105
U0405,13-02-2024,Tuesday,Cycling,75,333
U0207,24-03-2024,Sunday,Running,25,668
U0020,29-06-2024,Saturday,Walking,27,179
U0155,07-02-2024,Wednesday,Strength,84,366
U0338,14-01-2024,Sunday,Walking,56,226
U0307,06-02-2024,Tuesday,Walking,27,168
U0485,26-05-2024,Sunday,Cycling,45,368
U0010,11-03-2024,Monday,Yoga,47,271
U0090,11-05-2024,Saturday,Strength,48,327
U0051,26-02-2024,Monday,Cycling,22,369
U0026,16-02-2024,Friday,Cycling,74,301
U0478,05-03-2024,Tuesday,Running,88,491
U0118,29-03-2024,Friday,Running,61,337
U0168,25-01-2024,Thursday,Running,82,662
U0440,07-05-2024,Tuesday,Running,54,624
U0485,28-03-2024,Thursday,Strength,59,280
U0439,23-01-2024,Tuesday,Cycling,61,511
U0039,30-05-2024,Thursday,Running,51,675
U0374,25-06-2024,Tuesday,Yoga,52,277
U0355,07-05-2024,Tuesday,Yoga,65,220
U0089,11-05-2024,Saturday,Walking,36,210
U0062,15-04-2024,Monday,Cycling,29,592
U0122,21-03-2024,Thursday,Cycling,21,250
U0022,15-03-2024,Friday,Cycling,27,560
U0342,15-06-2024,Saturday,Strength,77,297
U0355,18-04-2024,Thursday,Running,84,321
U0470,13-03-2024,Wednesday,Strength,32,276
U0269,08-05-2024,Wednesday,HIIT,32,493
U0337,30-01-2024,Tuesday,Strength,51,408
U0363,17-05-2024,Friday,Walking,65,111
U0180,09-06-2024,Sunday,Running,68,471
U0195,02-05-2024,Thursday,Cycling,87,256
U0081,01-01-2024,Monday,Walking,90,139
U0324,19-02-2024,Monday,Strength,46,209
U0115,08-01-2024,Monday,HIIT,48,616
U0322,25-05-2024,Saturday,Yoga,33,208
U0105,15-04-2024,Monday,Strength,30,334
U0484,21-04-2024,Sunday,Strength,87,390
U0173,05-05-2024,Sunday,Running,30,517
U0343,04-06-2024,Tuesday,Yoga,71,183
U0470,09-06-2024,Sunday,Walking,76,108
U0069,30-03-2024,Saturday,HIIT,64,744
U0361,02-05-2024,Thursday,Strength,50,250
U0353,22-05-2024,Wednesday,Strength,33,255
U0281,03-05-2024,Friday,Walking,39,114
U0071,05-04-2024,Friday,Yoga,63,288
U0303,09-01-2024,Tuesday,HIIT,24,781
U0291,06-05-2024,Monday,Strength,78,444
U0194,25-01-2024,Thursday,Strength,47,327
U0396,20-06-2024,Thursday,Running,23,315
U0081,06-06-2024,Thursday,Yoga,48,297
U0291,24-05-2024,Friday,Walking,72,231
U0318,07-05-2024,Tuesday,Walking,44,137
U0173,09-02-2024,Friday,Strength,61,202
U0128,10-01-2024,Wednesday,Cycling,48,269
U0232,27-01-2024,Saturday,Cycling,66,587
U0423,08-03-2024,Friday,Running,86,622
U0212,13-04-2024,Saturday,Strength,25,292
U0066,04-05-2024,Saturday,HIIT,90,648
U0196,19-02-2024,Monday,Strength,30,400
U0425,21-05-2024,Tuesday,Yoga,58,123
U0356,22-05-2024,Wednesday,Cycling,52,528
U0126,28-04-2024,Sunday,Cycling,79,403
U0429,29-01-2024,Monday,HIIT,24,673
U0416,01-02-2024,Thursday,Yoga,35,291
U0197,22-01-2024,Monday,Running,53,532
U0426,27-01-2024,Saturday,HIIT,36,505
U0210,23-05-2024,Thursday,HIIT,47,484
U0144,24-01-2024,Wednesday,Cycling,28,303
U0160,03-01-2024,Wednesday,Yoga,30,160
U0228,30-05-2024,Thursday,Walking,20,192
U0213,01-01-2024,Monday,HIIT,55,501
U0235,14-05-2024,Tuesday,Cycling,28,351
U0391,09-04-2024,Tuesday,Yoga,60,159
U0308,09-03-2024,Saturday,Running,78,671
U0136,07-03-2024,Thursday,HIIT,87,476
U0363,28-02-2024,Wednesday,Strength,56,407
U0003,08-04-2024,Monday,Running,48,385
U0360,14-06-2024,Friday,HIIT,25,394
U0042,07-01-2024,Sunday,HIIT,71,752
U0085,23-03-2024,Saturday,Cycling,70,448
U0226,15-03-2024,Friday,HIIT,71,543
U0418,12-05-2024,Sunday,HIIT,54,589
U0460,15-06-2024,Saturday,Cycling,71,262
U0003,19-01-2024,Friday,Strength,82,446
U0465,20-03-2024,Wednesday,HIIT,45,402
U0477,19-01-2024,Friday,Strength,33,218
U0088,24-01-2024,Wednesday,Yoga,56,211
U0230,12-03-2024,Tuesday,Cycling,49,590
U0374,14-04-2024,Sunday,Walking,63,222
U0398,23-06-2024,Sunday,Running,47,672
U0160,07-06-2024,Friday,Walking,43,198
U0368,29-01-2024,Monday,Walking,81,155
U0493,25-05-2024,Saturday,Yoga,74,189
U0476,20-02-2024,Tuesday,Walking,64,139
U0444,02-05-2024,Thursday,Walking,69,120
U0474,02-03-2024,Saturday,Yoga,45,275
U0221,02-01-2024,Tuesday,Yoga,66,145
U0423,22-03-2024,Friday,Strength,36,269
U0202,27-06-2024,Thursday,HIIT,44,555
U0420,31-05-2024,Friday,HIIT,77,534
U0003,29-02-2024,Thursday,HIIT,50,706
U0371,18-05-2024,Saturday,Strength,70,385
U0310,15-06-2024,Saturday,Running,62,312
U0025,19-06-2024,Wednesday,Running,34,641
U0213,19-01-2024,Friday,HIIT,78,744
U0042,05-02-2024,Monday,Running,49,300
U0336,19-02-2024,Monday,HIIT,58,741
U0437,13-04-2024,Saturday,Strength,36,237
U0341,08-03-2024,Friday,HIIT,35,671
U0439,02-04-2024,Tuesday,Yoga,73,155
U0281,04-02-2024,Sunday,Cycling,22,359
U0421,14-03-2024,Thursday,Running,81,496
U0080,18-02-2024,Sunday,Strength,53,423
U0217,09-05-2024,Thursday,Cycling,60,562
U0223,11-03-2024,Monday,Running,51,375
U0376,28-02-2024,Wednesday,Walking,42,202
U0413,26-04-2024,Friday,Running,42,494
U0310,08-06-2024,Saturday,HIIT,61,664
U0390,06-03-2024,Wednesday,Yoga,58,191
U0393,29-06-2024,Saturday,Walking,89,179
U0401,26-02-2024,Monday,Cycling,25,381
U0288,07-05-2024,Tuesday,Strength,30,378
U0395,12-06-2024,Wednesday,Strength,41,445
U0088,01-04-2024,Monday,HIIT,32,549
U0240,13-02-2024,Tuesday,Running,72,391
U0098,23-03-2024,Saturday,HIIT,58,668
U0177,17-06-2024,Monday,HIIT,82,450
U0251,28-05-2024,Tuesday,Yoga,64,284
U0138,23-06-2024,Sunday,Running,29,332
U0007,25-02-2024,Sunday,Walking,87,218
U0442,20-04-2024,Saturday,Running,33,382
U0106,23-02-2024,Friday,Running,21,578
U0381,10-05-2024,Friday,Walking,38,243
U0072,10-05-2024,Friday,Strength,48,441
U0269,21-02-2024,Wednesday,Running,41,625
U0279,30-03-2024,Saturday,Cycling,43,491
U0433,06-01-2024,Saturday,HIIT,57,774
U0224,23-06-2024,Sunday,Walking,40,153
U0323,11-04-2024,Thursday,Yoga,28,203
U0351,05-01-2024,Friday,Running,66,341
U0353,17-05-2024,Friday,Yoga,36,164
U0007,23-02-2024,Friday,Strength,21,323
U0079,16-06-2024,Sunday,HIIT,49,699
U0450,12-06-2024,Wednesday,Yoga,45,172
U0393,26-05-2024,Sunday,Cycling,23,307
U0217,19-04-2024,Friday,HIIT,69,354
U0106,01-01-2024,Monday,Yoga,67,136
U0224,10-04-2024,Wednesday,Yoga,79,295
U0404,25-03-2024,Monday,HIIT,23,600
U0154,06-02-2024,Tuesday,HIIT,72,650
U0152,25-01-2024,Thursday,Running,65,303
U0362,16-04-2024,Tuesday,Running,44,362
U0358,03-03-2024,Sunday,Walking,40,228
U0429,20-05-2024,Monday,Cycling,78,477
U0472,10-03-2024,Sunday,Walking,27,187
U0383,22-06-2024,Saturday,Cycling,66,304
U0419,24-03-2024,Sunday,Yoga,84,166
U0283,17-05-2024,Friday,Cycling,71,363
U0301,05-01-2024,Friday,Cycling,22,433
U0061,19-05-2024,Sunday,Strength,28,312
U0492,26-06-2024,Wednesday,Yoga,66,131
U0289,14-04-2024,Sunday,Strength,61,245
U0403,24-04-2024,Wednesday,HIIT,90,589
U0498,06-02-2024,Tuesday,Strength,52,244
U0282,25-05-2024,Saturday,Yoga,87,129
U0338,12-02-2024,Monday,Cycling,34,355
U0305,06-04-2024,Saturday,Running,20,563
U0067,20-06-2024,Thursday,HIIT,86,701
U0144,09-04-2024,Tuesday,Running,34,682
U0239,27-01-2024,Saturday,Walking,62,233
U0347,04-05-2024,Saturday,Walking,89,193
U0376,13-06-2024,Thursday,HIIT,85,629
U0398,01-03-2024,Friday,HIIT,79,354
U0241,01-03-2024,Friday,Strength,56,352
U0161,28-04-2024,Sunday,Walking,52,203
U0298,13-02-2024,Tuesday,Walking,74,159
U0153,25-04-2024,Thursday,Yoga,33,127
U0297,15-06-2024,Saturday,HIIT,46,729
U0237,04-06-2024,Tuesday,Walking,74,157
U0473,21-06-2024,Friday,Strength,62,236
U0270,20-03-2024,Wednesday,Cycling,59,269
U0334,20-06-2024,Thursday,Running,79,538
U0329,09-06-2024,Sunday,Running,82,560
U0077,18-02-2024,Sunday,Cycling,84,394
U0298,30-05-2024,Thursday,HIIT,63,722
U0115,23-01-2024,Tuesday,Cycling,70,350
U0356,20-06-2024,Thursday,Walking,62,167
U0305,25-06-2024,Tuesday,Running,44,371
U0039,15-03-2024,Friday,Strength,62,382
U0177,26-06-2024,Wednesday,Strength,25,410
U0129,19-01-2024,Friday,Cycling,73,385
U0410,10-04-2024,Wednesday,Running,40,355
U0490,11-06-2024,Tuesday,Cycling,81,257
U0377,13-04-2024,Saturday,Running,39,386
U0187,08-04-2024,Monday,Yoga,56,297
U0480,06-03-2024,Wednesday,Yoga,67,268
U0497,14-04-2024,Sunday,Cycling,62,253
U0311,21-06-2024,Friday,Yoga,47,155
U0296,02-06-2024,Sunday,Running,53,647
U0356,03-03-2024,Sunday,Strength,68,417
U0095,24-06-2024,Monday,Cycling,39,538
U0206,27-01-2024,Saturday,Strength,24,212
U0490,28-03-2024,Thursday,Walking,33,153
U0130,20-03-2024,Wednesday,HIIT,24,433
U0196,16-02-2024,Friday,Walking,29,159
U0302,11-06-2024,Tuesday,Running,40,595
U0436,27-03-2024,Wednesday,Cycling,23,293
U0444,15-01-2024,Monday,HIIT,36,577
U0094,26-04-2024,Friday,Running,60,446
U0275,23-04-2024,Tuesday,Cycling,90,281
U0355,18-06-2024,Tuesday,HIIT,23,633
U0462,15-03-2024,Friday,Yoga,73,213
U0071,10-03-2024,Sunday,Strength,72,209
U0454,08-03-2024,Friday,Strength,39,375
U0237,25-02-2024,Sunday,Strength,90,453
U0134,04-01-2024,Thursday,Strength,20,413
U0240,27-04-2024,Saturday,Running,75,344
U0489,09-02-2024,Friday,HIIT,59,757
U0263,07-02-2024,Wednesday,Strength,29,331
U0014,01-01-2024,Monday,Yoga,45,285
U0172,09-04-2024,Tuesday,Walking,70,202
U0194,19-03-2024,Tuesday,Strength,67,438
U0098,01-02-2024,Thursday,Cycling,53,535
U0345,24-06-2024,Monday,Yoga,30,141
U0316,22-05-2024,Wednesday,Walking,53,130
U0242,01-01-2024,Monday,Walking,85,126
U0188,13-02-2024,Tuesday,Running,81,539
U0030,13-03-2024,Wednesday,Cycling,48,530
U0306,07-04-2024,Sunday,Strength,39,242
U0168,18-01-2024,Thursday,Running,24,592
U0255,22-05-2024,Wednesday,Walking,66,138
U0179,19-06-2024,Wednesday,Yoga,80,178
U0007,21-06-2024,Friday,Cycling,80,569
U0346,26-06-2024,Wednesday,Walking,62,215
U0384,20-03-2024,Wednesday,Yoga,41,218
U0029,13-03-2024,Wednesday,Running,71,445
U0021,23-06-2024,Sunday,Yoga,31,237
U0405,18-04-2024,Thursday,Strength,77,392
U0429,15-05-2024,Wednesday,Yoga,63,237
U0410,02-04-2024,Tuesday,HIIT,58,390
U0140,30-05-2024,Thursday,HIIT,24,607
U0088,13-03-2024,Wednesday,Walking,25,184
U0014,24-05-2024,Friday,HIIT,75,741
U0163,07-02-2024,Wednesday,Strength,33,229
U0191,26-06-2024,Wednesday,Running,88,428
U0343,23-03-2024,Saturday,HIIT,48,773
U0211,31-01-2024,Wednesday,HIIT,46,683
U0355,16-05-2024,Thursday,Running,25,379
U0178,06-06-2024,Thursday,Strength,37,351
U0422,27-05-2024,Monday,HIIT,81,382
U0241,23-06-2024,Sunday,Yoga,89,198
U0090,29-05-2024,Wednesday,Cycling,78,496
U0407,16-02-2024,Friday,Running,53,520
U0275,13-01-2024,Saturday,Yoga,64,166
U0318,08-05-2024,Wednesday,HIIT,78,590
U0151,12-03-2024,Tuesday,Yoga,85,195
U0003,30-01-2024,Tuesday,HIIT,37,562
U0354,25-03-2024,Monday,HIIT,75,707
U0107,05-03-2024,Tuesday,Strength,51,256
U0431,15-05-2024,Wednesday,Yoga,57,182
U0209,31-01-2024,Wednesday,Running,66,509
U0360,02-03-2024,Saturday,Running,79,314
U0266,08-01-2024,Monday,Yoga,49,128
U0231,11-06-2024,Tuesday,Yoga,50,174
U0414,15-06-2024,Saturday,Walking,82,176
U0234,31-03-2024,Sunday,Strength,44,239
U0358,04-01-2024,Thursday,Strength,89,476
U0464,11-04-2024,Thursday,Strength,29,461
U0206,06-04-2024,Saturday,Cycling,65,416
U0085,09-06-2024,Sunday,HIIT,86,437
U0361,18-05-2024,Saturday,Strength,75,339
U0473,04-06-2024,Tuesday,HIIT,59,704
U0147,24-04-2024,Wednesday,Running,62,378
U0430,21-06-2024,Friday,Cycling,89,485
U0470,05-01-2024,Friday,Cycling,75,517
U0476,03-05-2024,Friday,HIIT,69,445
U0074,15-05-2024,Wednesday,Strength,68,203
U0230,23-05-2024,Thursday,Cycling,54,290
U0117,26-02-2024,Monday,Yoga,64,300
U0176,18-04-2024,Thursday,Cycling,44,316
U0029,06-03-2024,Wednesday,Yoga,47,211
U0032,02-02-2024,Friday,Strength,48,264
U0177,24-04-2024,Wednesday,Running,59,663
U0170,28-03-2024,Thursday,Yoga,57,274
U0457,27-04-2024,Saturday,Walking,24,242
U0276,18-01-2024,Thursday,Yoga,73,222
U0201,28-03-2024,Thursday,Strength,21,335
U0256,28-02-2024,Wednesday,Cycling,43,341
U0146,19-05-2024,Sunday,HIIT,62,364
U0338,18-04-2024,Thursday,Cycling,50,564
U0491,10-02-2024,Saturday,Strength,55,212
U0305,23-03-2024,Saturday,Cycling,27,315
U0295,10-05-2024,Friday,Running,35,423
U0074,19-05-2024,Sunday,Cycling,51,467
U0397,20-01-2024,Saturday,Running,89,644
U0106,27-04-2024,Saturday,Yoga,45,237
U0252,12-02-2024,Monday,HIIT,78,661
U0338,07-06-2024,Friday,Yoga,79,290
U0175,25-05-2024,Saturday,Yoga,67,207
U0353,10-06-2024,Monday,Strength,37,426
U0264,03-04-2024,Wednesday,Yoga,29,279
U0068,18-06-2024,Tuesday,Yoga,38,291
U0084,20-01-2024,Saturday,Strength,60,294
U0427,05-04-2024,Friday,Strength,57,276
U0021,19-06-2024,Wednesday,Cycling,80,447
U0014,11-05-2024,Saturday,Walking,90,192
U0350,02-03-2024,Saturday,Cycling,31,395
U0299,21-02-2024,Wednesday,Strength,49,494
U0091,23-01-2024,Tuesday,HIIT,24,594
U0163,29-05-2024,Wednesday,HIIT,27,661
U0046,04-02-2024,Sunday,Walking,50,122
U0284,01-06-2024,Saturday,Running,34,404
U0364,03-04-2024,Wednesday,Strength,28,421
U0457,28-04-2024,Sunday,Strength,89,452
U0420,02-02-2024,Friday,Running,34,377
U0258,22-01-2024,Monday,Cycling,25,398
U0084,07-06-2024,Friday,HIIT,26,714
U0297,07-04-2024,Sunday,Walking,72,246
U0056,22-06-2024,Saturday,HIIT,24,448
U0201,23-05-2024,Thursday,Walking,46,210
U0452,09-06-2024,Sunday,Strength,82,235
U0006,16-06-2024,Sunday,Cycling,90,297
U0149,10-01-2024,Wednesday,Yoga,23,172
U0140,08-03-2024,Friday,HIIT,67,481
U0244,10-04-2024,Wednesday,Yoga,27,236
U0184,16-06-2024,Sunday,Strength,39,306
U0014,20-02-2024,Tuesday,Walking,83,114
U0162,25-06-2024,Tuesday,Strength,23,394
U0031,18-04-2024,Thursday,Strength,79,343
U0204,24-06-2024,Monday,HIIT,51,703
U0031,08-01-2024,Monday,Strength,33,467
U0401,07-01-2024,Sunday,HIIT,83,636
U0102,04-03-2024,Monday,Cycling,47,360
U0399,05-05-2024,Sunday,Yoga,56,297
U0320,15-06-2024,Saturday,Cycling,51,421
U0253,17-02-2024,Saturday,Cycling,87,527
U0282,27-03-2024,Wednesday,Walking,55,129
U0458,27-05-2024,Monday,Strength,23,284
U0220,06-05-2024,Monday,HIIT,46,799
U0431,11-06-2024,Tuesday,Cycling,38,522
U0211,06-03-2024,Wednesday,Strength,66,415
U0265,20-04-2024,Saturday,Walking,81,225
U0393,23-01-2024,Tuesday,Cycling,24,366
U0456,13-02-2024,Tuesday,HIIT,76,483
U0263,18-03-2024,Monday,Running,85,352
U0190,22-04-2024,Monday,Cycling,89,409
U0213,17-05-2024,Friday,Strength,35,215
U0450,06-04-2024,Saturday,Running,31,564
U0401,26-03-2024,Tuesday,Yoga,63,189
U0090,11-04-2024,Thursday,HIIT,51,605
U0046,09-03-2024,Saturday,Running,45,448
U0434,25-05-2024,Saturday,Yoga,72,122
U0048,02-06-2024,Sunday,Strength,37,312
U0410,30-05-2024,Thursday,Strength,54,250
U0381,23-02-2024,Friday,Strength,87,228
U0429,22-06-2024,Saturday,Walking,77,246
U0044,14-04-2024,Sunday,Walking,66,205
U0412,26-06-2024,Wednesday,Yoga,22,255
U0097,01-05-2024,Wednesday,Strength,24,449
U0365,18-06-2024,Tuesday,HIIT,62,654
U0131,13-03-2024,Wednesday,HIIT,69,420
U0380,27-06-2024,Thursday,Strength,65,375
U0004,04-01-2024,Thursday,Running,73,680
U0157,28-04-2024,Sunday,HIIT,56,469
U0346,31-01-2024,Wednesday,Strength,47,416
U0311,04-05-2024,Saturday,Walking,31,213
U0007,29-04-2024,Monday,HIIT,33,675
U0230,13-04-2024,Saturday,Running,50,320
U0047,27-06-2024,Thursday,Yoga,42,182
U0397,08-02-2024,Thursday,HIIT,45,695
U0415,30-04-2024,Tuesday,Walking,65,131
U0338,23-02-2024,Friday,Running,37,512
U0487,30-04-2024,Tuesday,Running,30,474
U0428,14-05-2024,Tuesday,Strength,24,342
U0250,27-05-2024,Monday,Running,34,513
U0131,07-04-2024,Sunday,Walking,30,247
U0235,02-04-2024,Tuesday,Yoga,42,245
U0470,19-05-2024,Sunday,Walking,63,223
U0497,15-03-2024,Friday,HIIT,83,636
U0455,31-01-2024,Wednesday,Walking,38,140
U0045,15-06-2024,Saturday,Walking,23,246
U0498,29-05-2024,Wednesday,Running,72,640
U0221,02-04-2024,Tuesday,Walking,46,116
U0210,19-03-2024,Tuesday,Strength,87,207
U0005,31-05-2024,Friday,Running,77,323
U0271,10-06-2024,Monday,HIIT,73,434
U0256,29-06-2024,Saturday,Running,85,420
U0345,26-06-2024,Wednesday,Walking,75,204
U0479,24-06-2024,Monday,Cycling,72,280
U0416,28-03-2024,Thursday,Strength,60,441
U0347,11-03-2024,Monday,Running,85,382
U0256,02-05-2024,Thursday,HIIT,64,520
U0387,08-02-2024,Thursday,Running,43,523
U0065,09-04-2024,Tuesday,Walking,52,161
U0006,05-06-2024,Wednesday,Walking,24,185
U0045,20-04-2024,Saturday,HIIT,63,588
U0382,02-05-2024,Thursday,Yoga,35,262
U0304,07-01-2024,Sunday,Running,65,407
U0253,21-04-2024,Sunday,Cycling,47,316
U0082,13-05-2024,Monday,Cycling,79,362
U0385,28-05-2024,Tuesday,Cycling,33,369
U0004,19-05-2024,Sunday,Walking,59,152
U0381,24-04-2024,Wednesday,Running,54,401
U0324,09-06-2024,Sunday,HIIT,85,554
U0066,02-04-2024,Tuesday,Walking,82,156
U0226,26-01-2024,Friday,HIIT,87,735
U0245,17-04-2024,Wednesday,HIIT,69,501
U0433,29-06-2024,Saturday,Yoga,59,144
U0406,26-02-2024,Monday,Strength,40,365
U0323,25-04-2024,Thursday,Cycling,74,521
U0270,22-05-2024,Wednesday,Cycling,24,558
U0442,25-02-2024,Sunday,Walking,47,124
U0305,10-05-2024,Friday,Yoga,73,140
U0006,11-04-2024,Thursday,Strength,75,407
U0207,14-06-2024,Friday,Strength,48,441
U0425,25-05-2024,Saturday,HIIT,88,648
U0371,06-06-2024,Thursday,Running,20,418
U0439,30-04-2024,Tuesday,Strength,41,380
U0124,22-06-2024,Saturday,Strength,57,412
U0315,27-03-2024,Wednesday,HIIT,56,528
U0404,14-03-2024,Thursday,Strength,66,388
U0241,15-01-2024,Monday,HIIT,82,728
U0009,18-06-2024,Tuesday,Cycling,79,444
U0180,09-04-2024,Tuesday,Walking,79,229
U0232,09-03-2024,Saturday,HIIT,47,352
U0298,01-02-2024,Thursday,Running,21,454
U0383,23-04-2024,Tuesday,Cycling,39,408
U0454,26-05-2024,Sunday,Walking,45,192
U0323,12-03-2024,Tuesday,Running,81,520
U0254,25-01-2024,Thursday,Strength,57,387
U0056,04-01-2024,Thursday,Yoga,64,183
U0493,27-05-2024,Monday,Yoga,52,296
U0394,20-05-2024,Monday,Running,61,366
U0200,21-04-2024,Sunday,Yoga,31,233
U0379,25-04-2024,Thursday,Strength,31,457
U0141,03-03-2024,Sunday,Yoga,65,223
U0258,11-01-2024,Thursday,Strength,40,276
U0262,26-05-2024,Sunday,Walking,69,156
U0153,29-02-2024,Thursday,Yoga,52,272
U0096,27-01-2024,Saturday,Walking,65,116
U0003,13-05-2024,Monday,HIIT,25,668
U0196,19-04-2024,Friday,Running,58,600
U0226,11-03-2024,Monday,Strength,75,241
U0096,15-02-2024,Thursday,Running,63,322
U0180,21-05-2024,Tuesday,Strength,84,488
U0022,18-03-2024,Monday,Running,60,566
U0068,19-05-2024,Sunday,Strength,71,463
U0384,01-01-2024,Monday,Running,41,600
U0006,28-01-2024,Sunday,Running,28,394
U0048,05-04-2024,Friday,HIIT,27,661
U0395,28-05-2024,Tuesday,Running,44,505
U0173,31-01-2024,Wednesday,HIIT,32,560
U0225,21-01-2024,Sunday,HIIT,75,353
U0006,13-06-2024,Thursday,Yoga,38,161
U0009,05-05-2024,Sunday,Walking,32,156
U0107,05-02-2024,Monday,Running,44,443
U0289,08-03-2024,Friday,Running,26,409
U0186,13-05-2024,Monday,HIIT,64,626
U0199,12-04-2024,Friday,Running,28,653
U0333,28-02-2024,Wednesday,Running,69,603
U0345,24-01-2024,Wednesday,Cycling,34,533
U0278,21-01-2024,Sunday,Running,36,642
U0094,24-03-2024,Sunday,Yoga,85,268
U0404,08-02-2024,Thursday,Cycling,34,589
U0359,03-06-2024,Monday,Running,22,598
U0441,20-05-2024,Monday,Running,56,483
U0073,13-01-2024,Saturday,Cycling,74,515
U0398,27-01-2024,Saturday,Walking,21,238
U0360,20-01-2024,Saturday,Walking,83,160
U0140,18-04-2024,Thursday,HIIT,61,365
U0006,31-05-2024,Friday,Walking,62,216
U0135,28-03-2024,Thursday,Strength,75,479
U0293,16-06-2024,Sunday,Running,82,432
U0074,19-06-2024,Wednesday,HIIT,22,790
U0465,20-04-2024,Saturday,Cycling,60,595
U0208,09-04-2024,Tuesday,HIIT,30,399
U0481,14-03-2024,Thursday,Strength,37,263
U0345,06-04-2024,Saturday,HIIT,60,416
U0491,09-04-2024,Tuesday,Running,35,688
U0205,21-04-2024,Sunday,Running,44,457
U0449,20-05-2024,Monday,HIIT,72,552
U0194,10-02-2024,Saturday,Strength,82,280
U0421,07-05-2024,Tuesday,Cycling,46,325
U0493,21-02-2024,Wednesday,Yoga,39,128
U0382,13-05-2024,Monday,HIIT,59,442
U0186,15-01-2024,Monday,Yoga,39,212
U0393,23-01-2024,Tuesday,Cycling,35,389
U0314,08-06-2024,Saturday,Cycling,56,326
U0004,03-06-2024,Monday,Running,38,596
U0406,11-03-2024,Monday,Walking,29,156
U0136,26-06-2024,Wednesday,Cycling,79,552
U0024,08-02-2024,Thursday,Running,34,518
U0252,08-06-2024,Saturday,HIIT,86,371
U0197,08-02-2024,Thursday,Yoga,40,238
U0416,25-02-2024,Sunday,Walking,62,188
U0444,02-02-2024,Friday,Strength,47,467
U0101,06-05-2024,Monday,Walking,39,182
U0104,24-03-2024,Sunday,Running,28,538
U0284,07-01-2024,Sunday,Yoga,25,206
U0377,14-05-2024,Tuesday,Cycling,85,331
U0243,21-04-2024,Sunday,Strength,68,265
U0497,06-05-2024,Monday,Yoga,61,234
U0029,09-06-2024,Sunday,Strength,60,310
U0285,02-04-2024,Tuesday,HIIT,44,415
U0337,16-06-2024,Sunday,Running,81,451
U0326,01-02-2024,Thursday,Running,69,341
U0477,19-03-2024,Tuesday,Yoga,79,172
U0050,01-02-2024,Thursday,Walking,66,248
U0478,25-04-2024,Thursday,Cycling,75,489
U0383,22-02-2024,Thursday,Walking,58,238
U0359,01-04-2024,Monday,HIIT,72,609
U0429,01-05-2024,Wednesday,HIIT,71,643
U0256,04-06-2024,Tuesday,Yoga,47,176
U0463,14-03-2024,Thursday,HIIT,25,435
U0118,03-06-2024,Monday,Yoga,53,232
U0106,24-06-2024,Monday,Running,59,674
U0159,27-04-2024,Saturday,Strength,83,209
U0198,15-04-2024,Monday,Yoga,71,292
U0083,20-05-2024,Monday,Cycling,35,580
U0425,24-02-2024,Saturday,HIIT,73,754
U0391,22-04-2024,Monday,Cycling,74,360
U0465,17-03-2024,Sunday,Walking,66,109
U0461,12-04-2024,Friday,Strength,70,380
U0094,21-02-2024,Wednesday,Yoga,53,253
U0047,29-01-2024,Monday,HIIT,59,483
U0061,08-01-2024,Monday,Strength,50,245
U0158,23-05-2024,Thursday,Walking,48,121
U0353,15-04-2024,Monday,Walking,63,195
U0294,07-03-2024,Thursday,Cycling,29,376
U0472,27-01-2024,Saturday,Cycling,72,451
U0251,12-04-2024,Friday,Strength,74,449
U0108,02-04-2024,Tuesday,HIIT,74,598
U0305,19-01-2024,Friday,HIIT,64,684
U0410,17-03-2024,Sunday,Cycling,75,316
U0348,05-05-2024,Sunday,Strength,34,248
U0115,05-06-2024,Wednesday,Running,62,457
U0384,20-02-2024,Tuesday,Strength,52,238
U0310,04-01-2024,Thursday,Running,20,671
U0398,05-03-2024,Tuesday,Strength,22,492
U0464,03-05-2024,Friday,Cycling,87,263
U0196,28-04-2024,Sunday,Walking,49,200
U0061,12-01-2024,Friday,Cycling,44,342
U0030,03-04-2024,Wednesday,HIIT,69,486
U0318,30-04-2024,Tuesday,Running,66,485
U0240,02-01-2024,Tuesday,Running,34,648
U0347,07-05-2024,Tuesday,Cycling,43,461
U0175,14-04-2024,Sunday,HIIT,90,565
U0018,14-05-2024,Tuesday,Yoga,80,248
U0425,24-02-2024,Saturday,Walking,44,143
U0196,21-02-2024,Wednesday,Cycling,82,502
U0305,10-04-2024,Wednesday,Yoga,62,287
U0420,29-05-2024,Wednesday,Walking,53,161
U0141,23-04-2024,Tuesday,Yoga,60,283
U0397,03-04-2024,Wednesday,Cycling,76,336
U0348,14-05-2024,Tuesday,HIIT,70,520
U0122,22-04-2024,Monday,Yoga,55,243
U0118,16-05-2024,Thursday,Cycling,45,523
U0096,04-06-2024,Tuesday,Running,51,508
U0022,27-06-2024,Thursday,Yoga,23,237
U0045,31-03-2024,Sunday,Running,69,411
U0161,27-01-2024,Saturday,Running,38,508
U0232,10-06-2024,Monday,HIIT,75,589
U0332,19-04-2024,Friday,Yoga,70,183
U0463,04-05-2024,Saturday,Cycling,80,307
U0363,27-05-2024,Monday,Yoga,28,125
U0224,12-01-2024,Friday,Strength,88,367
U0154,12-05-2024,Sunday,Yoga,79,282
U0101,01-03-2024,Friday,Running,74,344
U0442,16-06-2024,Sunday,Yoga,54,255
U0012,29-03-2024,Friday,Walking,43,203
U0441,15-05-2024,Wednesday,Strength,62,446
U0349,31-01-2024,Wednesday,Cycling,43,454
U0066,18-02-2024,Sunday,Strength,79,466
U0359,23-02-2024,Friday,Cycling,83,506
U0399,03-01-2024,Wednesday,Strength,28,407
U0061,08-01-2024,Monday,Strength,54,432
U0390,17-05-2024,Friday,Walking,58,102
U0117,06-03-2024,Wednesday,HIIT,64,687
U0354,22-06-2024,Saturday,Running,57,434
U0030,06-06-2024,Thursday,Running,44,360
U0412,06-03-2024,Wednesday,Cycling,30,502
U0425,09-03-2024,Saturday,Yoga,54,263
U0111,07-01-2024,Sunday,Cycling,43,267
U0433,28-03-2024,Thursday,Cycling,74,569
U0082,22-02-2024,Thursday,Walking,24,150
U0113,06-01-2024,Saturday,HIIT,41,485
U0126,08-01-2024,Monday,Strength,35,292
U0107,11-02-2024,Sunday,Running,35,374
U0286,24-03-2024,Sunday,Running,22,449
U0072,28-06-2024,Friday,Running,69,564
U0401,26-06-2024,Wednesday,Running,50,328
U0112,12-05-2024,Sunday,Yoga,76,273
U0416,14-05-2024,Tuesday,Walking,39,234
U0425,27-01-2024,Saturday,Yoga,30,244
U0392,11-05-2024,Saturday,Cycling,75,317
U0259,28-03-2024,Thursday,Cycling,66,581
U0402,14-05-2024,Tuesday,Walking,30,113
U0480,11-05-2024,Saturday,Running,74,672
U0233,09-04-2024,Tuesday,Running,63,307
U0379,30-01-2024,Tuesday,Walking,61,165
U0148,14-04-2024,Sunday,Walking,57,205
U0305,02-04-2024,Tuesday,Yoga,65,214
U0040,16-01-2024,Tuesday,HIIT,37,747
U0154,24-04-2024,Wednesday,Strength,83,494
U0190,13-03-2024,Wednesday,Walking,35,173
U0378,30-05-2024,Thursday,Cycling,81,490
U0032,13-03-2024,Wednesday,Yoga,66,260
U0237,08-03-2024,Friday,Walking,33,244
U0175,17-04-2024,Wednesday,Walking,82,156
U0176,08-01-2024,Monday,Cycling,77,478
U0064,09-02-2024,Friday,Cycling,82,597
U0413,17-01-2024,Wednesday,Yoga,67,171
U0465,12-06-2024,Wednesday,Running,27,473
U0405,15-03-2024,Friday,Yoga,65,213
U0491,01-02-2024,Thursday,Strength,47,447
U0213,10-05-2024,Friday,Running,65,688
U0258,16-04-2024,Tuesday,Walking,26,194
U0467,25-03-2024,Monday,Walking,80,248
U0234,29-05-2024,Wednesday,Cycling,48,534
U0446,18-01-2024,Thursday,Walking,73,239
U0180,14-06-2024,Friday,Walking,23,241
U0101,01-06-2024,Saturday,Running,31,355
U0208,13-03-2024,Wednesday,Running,24,612
U0482,26-05-2024,Sunday,Strength,51,294
U0279,23-05-2024,Thursday,Walking,77,236
U0315,24-02-2024,Saturday,HIIT,58,735
U0396,25-04-2024,Thursday,Strength,71,204
U0154,11-05-2024,Saturday,Walking,31,174
U0247,12-03-2024,Tuesday,Cycling,72,390
U0100,24-06-2024,Monday,Cycling,83,472
U0266,24-01-2024,Wednesday,Walking,90,245
U0087,20-03-2024,Wednesday,Strength,87,356
U0418,05-06-2024,Wednesday,Cycling,62,297
U0207,20-03-2024,Wednesday,Walking,38,196
U0406,29-05-2024,Wednesday,Running,68,437
U0033,01-02-2024,Thursday,Walking,88,134
U0137,08-04-2024,Monday,HIIT,82,589
U0118,04-05-2024,Saturday,Walking,54,231
U0212,05-05-2024,Sunday,Yoga,86,248
U0404,25-03-2024,Monday,Yoga,69,292
U0334,19-06-2024,Wednesday,Yoga,78,263
U0173,18-01-2024,Thursday,Walking,36,165
U0482,03-06-2024,Monday,Yoga,47,162
U0211,28-01-2024,Sunday,Yoga,75,184
U0032,15-03-2024,Friday,Cycling,31,511
U0367,26-01-2024,Friday,Yoga,37,203
U0048,26-05-2024,Sunday,HIIT,64,559
U0322,26-01-2024,Friday,Cycling,48,530
U0321,08-03-2024,Friday,Cycling,43,538
U0364,22-02-2024,Thursday,Cycling,82,552
U0066,23-02-2024,Friday,Cycling,90,250
U0316,20-01-2024,Saturday,Walking,82,120
U0271,09-03-2024,Saturday,Yoga,78,268
U0171,03-02-2024,Saturday,Strength,22,419
U0411,15-03-2024,Friday,Cycling,60,349
U0322,03-05-2024,Friday,Strength,66,419
U0305,09-02-2024,Friday,Cycling,33,531
U0412,21-02-2024,Wednesday,Strength,34,279
U0126,22-01-2024,Monday,HIIT,36,441
U0218,15-04-2024,Monday,Yoga,70,176
U0464,15-04-2024,Monday,Yoga,63,227
U0167,25-03-2024,Monday,Yoga,39,155
U0208,10-06-2024,Monday,Strength,27,257
U0456,01-04-2024,Monday,Walking,75,100
U0164,28-04-2024,Sunday,Running,29,391
U0233,25-06-2024,Tuesday,HIIT,45,644
U0390,27-06-2024,Thursday,Cycling,22,439
U0359,22-03-2024,Friday,Running,73,469
U0097,07-02-2024,Wednesday,Running,87,416
U0350,08-03-2024,Friday,Strength,87,369
U0294,07-01-2024,Sunday,Cycling,24,285
U0279,09-05-2024,Thursday,Running,60,350
U0201,03-04-2024,Wednesday,Walking,51,180
U0247,04-04-2024,Thursday,Walking,58,247
U0420,18-05-2024,Saturday,Yoga,35,179
U0328,14-06-2024,Friday,Cycling,32,255
U0420,17-02-2024,Saturday,Yoga,41,177
U0382,30-04-2024,Tuesday,Running,77,628
U0233,06-04-2024,Saturday,HIIT,76,602
U0496,25-06-2024,Tuesday,HIIT,50,719
U0457,30-05-2024,Thursday,Running,68,610
U0250,30-05-2024,Thursday,Cycling,68,579
U0371,17-03-2024,Sunday,Running,69,479
U0379,26-03-2024,Tuesday,HIIT,45,786
U0443,04-04-2024,Thursday,Running,53,500
U0218,07-02-2024,Wednesday,Walking,43,106
U0390,02-02-2024,Friday,Walking,69,231
U0441,06-01-2024,Saturday,Walking,35,100
U0301,15-06-2024,Saturday,Running,55,592
U0026,13-01-2024,Saturday,Cycling,37,457
U0177,20-06-2024,Thursday,Walking,87,112
U0044,12-03-2024,Tuesday,Walking,79,126
U0289,26-03-2024,Tuesday,Strength,71,451
U0326,22-03-2024,Friday,HIIT,66,653
U0077,10-01-2024,Wednesday,Yoga,35,222
U0479,18-06-2024,Tuesday,Strength,56,289
U0025,06-05-2024,Monday,Yoga,33,188
U0097,02-04-2024,Tuesday,HIIT,35,722
U0135,10-05-2024,Friday,Strength,56,322
U0336,20-05-2024,Monday,Yoga,47,215
U0303,30-04-2024,Tuesday,Running,42,479
U0032,27-06-2024,Thursday,Strength,52,263
U0415,05-05-2024,Sunday,Running,31,591
U0190,02-03-2024,Saturday,Walking,24,242
U0245,22-05-2024,Wednesday,Cycling,25,578
U0409,02-05-2024,Thursday,Yoga,49,204
U0028,04-02-2024,Sunday,HIIT,55,595
U0064,30-01-2024,Tuesday,Cycling,40,552
U0063,25-04-2024,Thursday,Cycling,41,320
U0331,27-04-2024,Saturday,HIIT,75,683
U0352,22-04-2024,Monday,Yoga,27,243
U0400,24-05-2024,Friday,Running,78,453
U0109,18-03-2024,Monday,Walking,60,119
U0036,25-06-2024,Tuesday,Yoga,83,270
U0026,07-06-2024,Friday,Yoga,85,217
U0214,17-02-2024,Saturday,HIIT,52,558
U0194,27-04-2024,Saturday,Running,86,574
U0389,10-03-2024,Sunday,Cycling,54,304
U0075,04-05-2024,Saturday,Walking,80,249
U0077,30-01-2024,Tuesday,Running,33,568
U0313,08-06-2024,Saturday,Walking,34,194
U0230,23-03-2024,Saturday,Cycling,87,507
U0167,07-05-2024,Tuesday,Running,44,453
U0446,15-04-2024,Monday,Yoga,40,197
U0214,11-02-2024,Sunday,Running,42,363
U0319,27-06-2024,Thursday,Cycling,38,377
U0429,22-01-2024,Monday,Strength,51,341
U0468,16-01-2024,Tuesday,HIIT,63,719
U0214,13-01-2024,Saturday,Cycling,87,276
U0056,10-04-2024,Wednesday,Cycling,63,288
U0001,13-02-2024,Tuesday,Cycling,57,304
U0197,11-05-2024,Saturday,Running,63,523
U0139,01-02-2024,Thursday,Cycling,47,350
U0072,12-05-2024,Sunday,Yoga,28,298
U0225,14-06-2024,Friday,HIIT,32,437
U0031,29-06-2024,Saturday,Yoga,42,271
U0417,29-05-2024,Wednesday,Running,33,633
U0258,29-01-2024,Monday,Yoga,34,141
U0493,02-04-2024,Tuesday,Walking,70,172
U0438,13-02-2024,Tuesday,Strength,61,283
U0056,25-04-2024,Thursday,Yoga,25,278
U0360,19-03-2024,Tuesday,Strength,84,406
U0279,19-01-2024,Friday,Walking,89,198
U0235,20-06-2024,Thursday,Yoga,33,189
U0098,08-02-2024,Thursday,Walking,34,148
U0032,12-05-2024,Sunday,Yoga,37,211
U0393,13-02-2024,Tuesday,Cycling,57,528
U0076,05-03-2024,Tuesday,Strength,42,324
U0006,05-02-2024,Monday,Yoga,51,160
U0226,11-01-2024,Thursday,Strength,80,268
U0334,11-06-2024,Tuesday,Walking,88,201
U0466,30-04-2024,Tuesday,Yoga,26,244
U0230,15-06-2024,Saturday,Yoga,42,125
U0358,10-01-2024,Wednesday,Yoga,29,273
U0409,28-04-2024,Sunday,Cycling,64,343
U0224,19-06-2024,Wednesday,HIIT,46,735
U0298,21-05-2024,Tuesday,Yoga,43,288
U0087,10-05-2024,Friday,HIIT,44,747
U0282,15-06-2024,Saturday,Strength,86,340
U0181,26-04-2024,Friday,Walking,49,160
U0037,21-01-2024,Sunday,Walking,74,120
U0334,18-02-2024,Sunday,Yoga,51,134
U0438,16-06-2024,Sunday,Running,83,545
U0290,13-03-2024,Wednesday,Walking,71,206
U0361,16-04-2024,Tuesday,Cycling,29,529
U0038,05-06-2024,Wednesday,Yoga,90,191
U0299,26-03-2024,Tuesday,Yoga,32,128
U0180,16-03-2024,Saturday,Running,72,406
U0014,01-06-2024,Saturday,Strength,83,317
U0118,12-04-2024,Friday,Yoga,21,184
U0255,06-02-2024,Tuesday,Cycling,50,318
U0403,29-04-2024,Monday,Running,45,647
U0265,21-01-2024,Sunday,Strength,28,491
U0181,19-03-2024,Tuesday,Walking,76,130
U0037,11-02-2024,Sunday,Strength,60,454
U0037,23-01-2024,Tuesday,Yoga,46,124
U0083,02-03-2024,Saturday,Running,75,674
U0014,01-03-2024,Friday,HIIT,32,502
U0488,05-04-2024,Friday,Walking,31,228
U0079,18-03-2024,Monday,Running,52,312
U0266,08-03-2024,Friday,Strength,28,440
U0329,10-06-2024,Monday,Cycling,43,282
U0245,03-01-2024,Wednesday,Cycling,36,393
U0131,24-02-2024,Saturday,Walking,46,205
U0185,17-01-2024,Wednesday,Running,22,450
U0057,21-02-2024,Wednesday,Running,50,472
U0069,13-01-2024,Saturday,Walking,80,159
U0306,01-04-2024,Monday,Strength,79,450
U0364,13-05-2024,Monday,HIIT,90,566
U0377,22-04-2024,Monday,Yoga,28,242
U0066,24-02-2024,Saturday,HIIT,88,664
U0330,11-06-2024,Tuesday,Cycling,25,509
U0185,30-01-2024,Tuesday,HIIT,52,611
U0331,26-04-2024,Friday,Walking,48,107
U0256,28-05-2024,Tuesday,Walking,71,127
U0179,04-05-2024,Saturday,Yoga,85,169
U0327,24-03-2024,Sunday,Cycling,70,321
U0308,18-02-2024,Sunday,Cycling,43,291
U0016,15-04-2024,Monday,Cycling,86,465
U0379,29-04-2024,Monday,Walking,29,171
U0096,15-01-2024,Monday,Walking,64,186
U0387,26-02-2024,Monday,Walking,60,232
U0363,31-05-2024,Friday,Walking,72,234
U0276,30-05-2024,Thursday,Cycling,37,266
U0348,19-06-2024,Wednesday,Running,55,311
U0064,14-02-2024,Wednesday,Yoga,71,213
U0457,12-03-2024,Tuesday,Running,22,655
U0042,13-05-2024,Monday,Strength,52,264
U0154,07-05-2024,Tuesday,Running,53,588
U0413,05-01-2024,Friday,Running,84,537
U0168,28-04-2024,Sunday,Running,56,637
U0069,19-03-2024,Tuesday,Strength,74,447
U0308,22-06-2024,Saturday,Running,47,627
U0412,28-04-2024,Sunday,Strength,84,333
U0083,13-03-2024,Wednesday,Strength,22,253
U0031,24-01-2024,Wednesday,HIIT,74,476
U0417,08-03-2024,Friday,Yoga,68,250
U0189,01-06-2024,Saturday,Running,80,329
U0139,20-02-2024,Tuesday,Walking,39,107
U0498,25-06-2024,Tuesday,Yoga,46,200
U0106,01-02-2024,Thursday,Running,63,432
U0328,05-02-2024,Monday,Running,68,305
U0333,29-05-2024,Wednesday,Cycling,26,434
U0136,11-02-2024,Sunday,Walking,74,151
U0287,08-03-2024,Friday,Walking,37,204
U0056,24-06-2024,Monday,Yoga,59,225
U0436,25-03-2024,Monday,Yoga,46,257
U0066,13-06-2024,Thursday,HIIT,67,785
U0419,17-06-2024,Monday,Yoga,24,154
U0190,31-05-2024,Friday,Cycling,64,278
U0449,14-06-2024,Friday,Cycling,85,265
U0162,12-01-2024,Friday,Strength,85,430
U0185,07-03-2024,Thursday,Yoga,36,191
U0248,05-03-2024,Tuesday,Yoga,55,187
U0157,19-04-2024,Friday,Yoga,26,122
U0448,10-05-2024,Friday,Cycling,69,529
U0187,03-04-2024,Wednesday,Cycling,83,553
U0335,07-04-2024,Sunday,Running,32,371
U0081,02-04-2024,Tuesday,Yoga,65,274
U0387,21-04-2024,Sunday,Running,48,372
U0289,06-02-2024,Tuesday,Strength,37,444
U0064,24-06-2024,Monday,Strength,27,230
U0384,23-06-2024,Sunday,Walking,58,166
U0486,09-03-2024,Saturday,Cycling,78,543
U0219,24-01-2024,Wednesday,Strength,53,372
U0310,27-06-2024,Thursday,Walking,65,229
U0449,30-01-2024,Tuesday,Cycling,77,348
U0349,17-06-2024,Monday,Cycling,76,304
U0478,23-06-2024,Sunday,Yoga,23,273
U0244,09-04-2024,Tuesday,Running,79,509
U0373,09-04-2024,Tuesday,Yoga,66,161
U0259,21-01-2024,Sunday,Running,22,479
U0020,02-05-2024,Thursday,Walking,57,143
U0407,14-05-2024,Tuesday,Walking,37,169
U0094,22-02-2024,Thursday,HIIT,46,769
U0100,04-02-2024,Sunday,Walking,76,248
U0096,21-01-2024,Sunday,Yoga,35,155
U0226,12-02-2024,Monday,Running,52,399
U0198,25-05-2024,Saturday,Walking,68,191
U0244,04-03-2024,Monday,Running,23,482
U0100,17-01-2024,Wednesday,HIIT,78,535
U0244,08-06-2024,Saturday,Cycling,49,480
U0099,11-03-2024,Monday,Running,59,564
U0343,05-04-2024,Friday,HIIT,23,716
U0001,04-06-2024,Tuesday,Running,80,377
U0044,10-02-2024,Saturday,Running,86,599
U0292,15-04-2024,Monday,Running,36,420
U0370,28-04-2024,Sunday,Yoga,34,234
U0101,04-01-2024,Thursday,HIIT,87,659
U0481,18-01-2024,Thursday,Strength,63,262
U0025,23-04-2024,Tuesday,HIIT,89,614
U0167,28-03-2024,Thursday,Walking,89,124
U0156,26-03-2024,Tuesday,Running,57,616
U0319,15-03-2024,Friday,Walking,70,186
U0054,18-05-2024,Saturday,Running,56,692
U0334,21-05-2024,Tuesday,Yoga,61,296
U0055,04-05-2024,Saturday,Strength,53,303
U0463,14-03-2024,Thursday,Running,74,666
U0285,22-06-2024,Saturday,HIIT,73,622
U0229,10-03-2024,Sunday,HIIT,29,680
U0235,13-06-2024,Thursday,Cycling,74,296
U0335,28-05-2024,Tuesday,Strength,88,432
U0038,10-02-2024,Saturday,Yoga,47,188
U0076,07-03-2024,Thursday,Cycling,76,257
U0021,03-05-2024,Friday,Walking,45,214
U0192,10-04-2024,Wednesday,HIIT,42,776
U0343,10-02-2024,Saturday,Strength,46,272
U0457,03-05-2024,Friday,Cycling,29,377
U0235,17-06-2024,Monday,HIIT,64,422
U0093,28-03-2024,Thursday,Strength,68,476
U0449,26-03-2024,Tuesday,Strength,88,223
U0016,21-02-2024,Wednesday,Yoga,29,223
U0065,30-05-2024,Thursday,HIIT,61,793
U0418,08-01-2024,Monday,Walking,83,169
U0481,06-04-2024,Saturday,Running,55,422
U0376,31-05-2024,Friday,Running,82,458
U0043,18-06-2024,Tuesday,Walking,68,147
U0448,21-01-2024,Sunday,Yoga,81,197
U0131,05-04-2024,Friday,HIIT,75,498
U0371,07-05-2024,Tuesday,Yoga,28,245
U0322,17-01-2024,Wednesday,Yoga,33,248
U0215,23-02-2024,Friday,Walking,53,141
U0070,22-02-2024,Thursday,Walking,48,180
U0289,07-01-2024,Sunday,Running,79,657
U0149,10-03-2024,Sunday,HIIT,53,757
U0037,03-04-2024,Wednesday,Walking,54,101
U0152,21-03-2024,Thursday,Strength,90,243
U0352,20-03-2024,Wednesday,Yoga,76,245
U0478,05-04-2024,Friday,Strength,75,446
U0288,31-03-2024,Sunday,Cycling,21,593
U0160,25-03-2024,Monday,Yoga,43,213
U0320,17-05-2024,Friday,HIIT,83,606
U0074,29-04-2024,Monday,Yoga,58,156
U0040,24-06-2024,Monday,Walking,90,237
U0240,22-06-2024,Saturday,Cycling,87,391
U0072,19-03-2024,Tuesday,Strength,75,325
U0132,04-03-2024,Monday,Running,44,345
U0124,06-01-2024,Saturday,Running,33,357
U0129,08-05-2024,Wednesday,HIIT,61,540
U0357,15-03-2024,Friday,Yoga,39,146
U0099,15-04-2024,Monday,HIIT,78,458
U0038,25-04-2024,Thursday,HIIT,89,714
U0337,02-03-2024,Saturday,Yoga,64,278
U0337,22-02-2024,Thursday,HIIT,65,384
U0335,16-05-2024,Thursday,Cycling,61,448
U0057,20-04-2024,Saturday,Cycling,53,558
U0304,20-02-2024,Tuesday,Strength,88,468
U0429,30-01-2024,Tuesday,Strength,78,489
U0047,02-01-2024,Tuesday,Cycling,83,560
U0429,03-01-2024,Wednesday,Cycling,89,482
U0398,03-04-2024,Wednesday,Walking,29,197
U0088,19-03-2024,Tuesday,Walking,54,200
U0173,18-04-2024,Thursday,Strength,47,308
U0019,13-05-2024,Monday,Cycling,56,317
U0345,17-05-2024,Friday,Running,55,307
U0484,01-06-2024,Saturday,HIIT,56,381
U0453,13-03-2024,Wednesday,HIIT,58,493
U0008,02-06-2024,Sunday,Cycling,51,513
U0312,29-04-2024,Monday,Running,37,435
U0045,07-01-2024,Sunday,HIIT,21,439
U0347,25-03-2024,Monday,Walking,50,211
U0182,28-03-2024,Thursday,Yoga,76,232
U0244,27-02-2024,Tuesday,Yoga,61,147
U0093,09-04-2024,Tuesday,Strength,74,326
U0409,27-05-2024,Monday,Walking,36,113
U0427,05-02-2024,Monday,Running,64,330
U0326,04-03-2024,Monday,HIIT,26,663
U0259,16-02-2024,Friday,Yoga,77,175
U0309,03-06-2024,Monday,Running,48,530
U0178,02-06-2024,Sunday,Cycling,66,486
U0044,23-01-2024,Tuesday,Strength,43,400
U0307,23-01-2024,Tuesday,Running,20,667
U0449,25-02-2024,Sunday,Strength,54,282
U0414,17-04-2024,Wednesday,HIIT,31,673
U0238,10-06-2024,Monday,Cycling,41,453
U0237,10-05-2024,Friday,Running,84,528
U0309,25-02-2024,Sunday,Cycling,89,440
U0302,12-01-2024,Friday,Running,74,408
U0331,01-05-2024,Wednesday,Strength,62,482
U0246,12-02-2024,Monday,HIIT,59,498
U0412,17-04-2024,Wednesday,Walking,47,205
U0439,15-05-2024,Wednesday,Yoga,28,225
U0239,21-03-2024,Thursday,Strength,46,387
U0203,25-05-2024,Saturday,Walking,69,183
U0405,15-04-2024,Monday,Running,25,627
U0079,16-02-2024,Friday,HIIT,70,676
U0046,03-01-2024,Wednesday,HIIT,40,724
U0174,31-03-2024,Sunday,Strength,67,266
U0204,15-04-2024,Monday,Running,54,335
U0030,17-02-2024,Saturday,HIIT,80,754
U0080,15-02-2024,Thursday,HIIT,38,535
U0160,20-06-2024,Thursday,Cycling,39,560
U0367,21-06-2024,Friday,Walking,59,106
U0236,20-04-2024,Saturday,Walking,62,237
U0479,24-02-2024,Saturday,Walking,57,106
U0026,22-04-2024,Monday,HIIT,39,550
U0312,20-03-2024,Wednesday,Walking,48,179
U0108,12-05-2024,Sunday,Strength,84,208
U0172,28-05-2024,Tuesday,Cycling,62,468
U0194,07-04-2024,Sunday,HIIT,38,726
U0250,03-03-2024,Sunday,Walking,58,114
U0373,23-06-2024,Sunday,Yoga,79,292
U0449,20-04-2024,Saturday,Strength,70,251
U0045,19-05-2024,Sunday,Running,68,562
U0198,13-05-2024,Monday,Walking,86,165
U0456,05-01-2024,Friday,Cycling,66,516
U0118,19-06-2024,Wednesday,Yoga,54,258
U0445,26-01-2024,Friday,HIIT,51,646
U0138,30-04-2024,Tuesday,Strength,28,452
U0324,05-06-2024,Wednesday,HIIT,20,759
U0040,08-04-2024,Monday,Cycling,32,437
U0124,28-05-2024,Tuesday,Running,66,377
U0327,24-06-2024,Monday,Cycling,28,252
U0086,04-05-2024,Saturday,Running,43,425
U0018,29-01-2024,Monday,Cycling,64,259
U0249,11-06-2024,Tuesday,Yoga,71,121
U0336,28-05-2024,Tuesday,Walking,30,144
U0481,16-03-2024,Saturday,Yoga,87,175
U0059,05-04-2024,Friday,Running,60,445
U0059,29-04-2024,Monday,Walking,27,223
U0073,16-05-2024,Thursday,Cycling,24,277
U0005,19-05-2024,Sunday,Walking,45,152
U0086,29-01-2024,Monday,Strength,21,309
U0358,20-01-2024,Saturday,HIIT,49,714
U0197,11-02-2024,Sunday,Yoga,38,161
U0051,21-04-2024,Sunday,Strength,64,470
U0086,08-04-2024,Monday,Strength,23,428
U0058,20-04-2024,Saturday,Strength,88,203
U0050,26-03-2024,Tuesday,Cycling,84,381
U0400,05-01-2024,Friday,Cycling,41,564
U0352,27-03-2024,Wednesday,Cycling,22,594
U0040,04-06-2024,Tuesday,HIIT,55,364
U0166,22-03-2024,Friday,Running,87,432
U0212,05-05-2024,Sunday,Strength,27,328
U0313,05-05-2024,Sunday,Running,20,586
U0202,10-03-2024,Sunday,Walking,57,183
U0368,02-01-2024,Tuesday,Running,83,383
U0125,05-02-2024,Monday,HIIT,43,470
U0006,02-04-2024,Tuesday,Running,31,684
U0219,20-02-2024,Tuesday,Strength,88,220
U0092,18-03-2024,Monday,Running,71,461
U0439,01-05-2024,Wednesday,Running,31,535
U0181,22-04-2024,Monday,HIIT,75,672
U0084,06-03-2024,Wednesday,Running,77,677
U0279,24-06-2024,Monday,Running,51,577
U0468,01-02-2024,Thursday,Running,55,471
U0214,19-01-2024,Friday,HIIT,63,727
U0050,03-05-2024,Friday,Running,39,348
U0478,03-05-2024,Friday,Strength,25,305
U0129,29-06-2024,Saturday,Yoga,49,249
U0337,04-02-2024,Sunday,Yoga,44,135
U0330,25-06-2024,Tuesday,Cycling,88,518
U0185,08-05-2024,Wednesday,Strength,42,297
U0359,30-04-2024,Tuesday,Walking,22,228
U0206,19-06-2024,Wednesday,Strength,45,357
U0147,16-05-2024,Thursday,Yoga,54,236
U0120,22-03-2024,Friday,Walking,70,119
U0284,21-05-2024,Tuesday,Strength,78,442
U0499,27-02-2024,Tuesday,Cycling,59,449
U0211,18-04-2024,Thursday,Cycling,51,280
U0048,05-04-2024,Friday,Strength,45,412
U0088,15-05-2024,Wednesday,HIIT,73,585
U0146,11-03-2024,Monday,Yoga,66,287
U0447,15-03-2024,Friday,Cycling,30,303
U0136,16-03-2024,Saturday,HIIT,62,741
U0324,21-05-2024,Tuesday,HIIT,58,471
U0057,03-04-2024,Wednesday,Running,40,619
U0329,05-06-2024,Wednesday,Cycling,52,448
U0227,14-02-2024,Wednesday,Yoga,76,202
U0452,06-05-2024,Monday,Yoga,35,120
U0415,31-01-2024,Wednesday,Yoga,67,255
U0246,25-05-2024,Saturday,Cycling,50,423
U0167,20-02-2024,Tuesday,Running,23,670
U0154,02-03-2024,Saturday,Walking,81,178
U0106,13-01-2024,Saturday,Walking,29,207
U0378,31-05-2024,Friday,Strength,34,411
U0468,20-03-2024,Wednesday,HIIT,33,656
U0198,27-03-2024,Wednesday,Running,74,339
U0005,27-01-2024,Saturday,Running,41,463
U0023,01-01-2024,Monday,Yoga,26,162
U0213,10-05-2024,Friday,Cycling,37,338
U0136,28-06-2024,Friday,HIIT,90,785
U0317,11-04-2024,Thursday,Strength,77,216
U0147,22-01-2024,Monday,Yoga,54,220
U0115,05-05-2024,Sunday,Cycling,51,523
U0297,04-04-2024,Thursday,Cycling,86,414
U0338,30-04-2024,Tuesday,Walking,75,158
U0015,28-03-2024,Thursday,Yoga,83,240
U0200,23-04-2024,Tuesday,Strength,22,251
U0301,25-02-2024,Sunday,HIIT,54,512
U0396,12-03-2024,Tuesday,Cycling,27,424
U0272,01-04-2024,Monday,HIIT,72,716
U0438,07-06-2024,Friday,Strength,47,439
U0465,04-05-2024,Saturday,Yoga,30,134
U0067,09-04-2024,Tuesday,Cycling,37,409
U0012,03-02-2024,Saturday,Yoga,64,135
U0165,13-04-2024,Saturday,Yoga,50,190
U0392,31-05-2024,Friday,Yoga,24,294
U0235,27-02-2024,Tuesday,Strength,52,369
U0088,25-03-2024,Monday,Walking,90,225
U0413,24-03-2024,Sunday,Cycling,40,551
U0289,24-06-2024,Monday,Strength,61,403
U0348,29-05-2024,Wednesday,HIIT,26,523
U0020,22-04-2024,Monday,Running,27,586
U0482,02-02-2024,Friday,Yoga,38,201
U0429,26-06-2024,Wednesday,HIIT,63,542
U0171,11-02-2024,Sunday,HIIT,56,720
U0383,12-02-2024,Monday,Running,54,330
U0405,03-03-2024,Sunday,Cycling,53,289
U0270,06-05-2024,Monday,Cycling,77,516
U0338,25-02-2024,Sunday,Walking,84,121
U0412,08-04-2024,Monday,Running,51,403
U0150,13-03-2024,Wednesday,Running,87,632
U0028,19-06-2024,Wednesday,Cycling,22,559
U0467,21-05-2024,Tuesday,HIIT,26,366
U0124,16-04-2024,Tuesday,Strength,72,432
U0176,26-04-2024,Friday,Strength,59,369
U0107,05-03-2024,Tuesday,HIIT,34,453
U0396,29-01-2024,Monday,Running,26,371
U0191,22-02-2024,Thursday,Cycling,26,566
U0097,16-06-2024,Sunday,Running,46,486
U0162,27-03-2024,Wednesday,Walking,23,104
U0222,05-02-2024,Monday,Strength,21,254
U0383,17-03-2024,Sunday,Yoga,84,160
U0288,03-03-2024,Sunday,Walking,52,163
U0028,14-02-2024,Wednesday,HIIT,56,772
U0471,13-02-2024,Tuesday,Yoga,41,160
U0260,07-06-2024,Friday,Cycling,78,307
U0275,08-03-2024,Friday,HIIT,30,775
U0488,22-01-2024,Monday,Strength,62,498
U0429,10-04-2024,Wednesday,Walking,57,160
U0423,29-05-2024,Wednesday,Running,23,432
U0449,14-05-2024,Tuesday,Strength,83,330
U0404,18-01-2024,Thursday,HIIT,80,741
U0064,24-06-2024,Monday,Yoga,68,277
U0074,13-06-2024,Thursday,Yoga,25,248
U0342,20-01-2024,Saturday,Strength,81,453
U0359,18-04-2024,Thursday,Running,51,354
U0007,04-05-2024,Saturday,HIIT,36,529
U0166,15-02-2024,Thursday,Strength,64,457
U0446,02-02-2024,Friday,HIIT,71,531
U0217,10-04-2024,Wednesday,HIIT,85,406
U0187,16-04-2024,Tuesday,Walking,73,177
U0023,24-05-2024,Friday,Cycling,73,372
U0175,25-05-2024,Saturday,Yoga,60,149
U0301,26-03-2024,Tuesday,Strength,44,390
U0077,05-04-2024,Friday,Strength,71,241
U0463,25-05-2024,Saturday,Strength,59,448
U0270,03-05-2024,Friday,HIIT,84,393
U0218,27-02-2024,Tuesday,Running,64,382
U0200,26-05-2024,Sunday,Cycling,43,427
U0069,01-03-2024,Friday,Running,35,368
U0057,04-05-2024,Saturday,Strength,46,492
U0442,18-04-2024,Thursday,Cycling,79,583
U0116,09-04-2024,Tuesday,Running,73,376
U0179,16-04-2024,Tuesday,Strength,46,432
U0318,15-03-2024,Friday,Cycling,86,283
U0430,10-01-2024,Wednesday,Cycling,40,354
U0158,14-05-2024,Tuesday,Cycling,76,445
U0403,28-03-2024,Thursday,Strength,30,277
U0428,18-05-2024,Saturday,Running,74,644
U0495,05-02-2024,Monday,Walking,28,126
U0049,16-06-2024,Sunday,Cycling,84,290
U0415,23-02-2024,Friday,Walking,70,177
U0246,14-02-2024,Wednesday,HIIT,29,784
U0298,11-05-2024,Saturday,Yoga,63,171
U0368,14-02-2024,Wednesday,Walking,55,188
U0325,25-06-2024,Tuesday,Cycling,33,352
U0065,25-06-2024,Tuesday,Strength,62,498
U0025,04-03-2024,Monday,Running,67,506
U0405,18-01-2024,Thursday,Cycling,70,327
U0310,19-01-2024,Friday,HIIT,65,609
U0461,13-02-2024,Tuesday,Running,29,467
U0255,15-04-2024,Monday,Yoga,31,141
U0226,15-04-2024,Monday,Yoga,37,154
U0336,24-03-2024,Sunday,Walking,54,133
U0289,19-03-2024,Tuesday,HIIT,53,729
U0235,02-05-2024,Thursday,Strength,70,474
U0176,09-06-2024,Sunday,Yoga,22,269
U0305,29-03-2024,Friday,Walking,71,153
U0289,27-06-2024,Thursday,Walking,66,103
U0473,30-01-2024,Tuesday,HIIT,56,365
U0197,28-01-2024,Sunday,HIIT,61,711
U0253,16-05-2024,Thursday,Running,76,369
U0475,11-06-2024,Tuesday,Walking,47,102
U0389,27-05-2024,Monday,HIIT,74,576
U0484,05-01-2024,Friday,Cycling,76,401
U0186,17-04-2024,Wednesday,Strength,20,496
U0178,13-04-2024,Saturday,Walking,61,222
U0018,22-03-2024,Friday,Yoga,70,273
U0129,01-06-2024,Saturday,Running,63,438
U0368,18-06-2024,Tuesday,Running,65,564
U0436,11-02-2024,Sunday,Yoga,47,270
U0066,21-03-2024,Thursday,Yoga,83,132
U0265,14-01-2024,Sunday,Yoga,21,218
U0312,29-04-2024,Monday,Walking,21,114
U0495,09-01-2024,Tuesday,Strength,46,331
U0470,29-02-2024,Thursday,Walking,59,202
U0386,26-05-2024,Sunday,Cycling,24,559
U0295,15-05-2024,Wednesday,Yoga,68,254
U0103,04-01-2024,Thursday,Yoga,57,258
U0184,10-06-2024,Monday,Running,33,344
U0308,17-03-2024,Sunday,Walking,21,116
U0423,16-02-2024,Friday,Yoga,77,270
U0390,05-02-2024,Monday,Cycling,89,479
U0437,20-04-2024,Saturday,Running,69,384
U0458,21-02-2024,Wednesday,Yoga,22,264
U0274,28-04-2024,Sunday,Yoga,57,169
U0262,20-02-2024,Tuesday,Strength,50,304
U0362,03-01-2024,Wednesday,Cycling,69,445
U0242,01-02-2024,Thursday,Yoga,59,261
U0115,27-01-2024,Saturday,Running,80,560
U0208,25-04-2024,Thursday,Strength,29,486
U0391,09-01-2024,Tuesday,Cycling,27,521
U0139,09-01-2024,Tuesday,Yoga,84,180
U0007,06-04-2024,Saturday,Strength,82,286
U0340,14-02-2024,Wednesday,Strength,61,296
U0296,16-04-2024,Tuesday,Strength,53,358
U0232,01-04-2024,Monday,Cycling,65,403
U0439,23-03-2024,Saturday,Cycling,73,559
U0418,13-05-2024,Monday,Yoga,33,148
U0244,04-03-2024,Monday,Cycling,89,288
U0377,17-04-2024,Wednesday,Strength,24,411
U0005,04-06-2024,Tuesday,HIIT,45,464
U0223,23-03-2024,Saturday,Walking,27,113
U0128,09-06-2024,Sunday,Yoga,64,296
U0399,18-05-2024,Saturday,HIIT,39,420
U0394,23-03-2024,Saturday,Strength,26,372
U0437,15-05-2024,Wednesday,Walking,37,151
U0412,12-02-2024,Monday,Yoga,38,216
U0383,20-06-2024,Thursday,Strength,40,393
U0491,05-03-2024,Tuesday,Strength,73,440
U0351,22-05-2024,Wednesday,Yoga,55,233
U0050,26-05-2024,Sunday,Cycling,35,329
U0396,14-02-2024,Wednesday,Walking,48,200
U0095,30-03-2024,Saturday,Cycling,52,298
U0189,12-03-2024,Tuesday,Running,89,613
U0044,07-03-2024,Thursday,Running,26,418
U0464,10-02-2024,Saturday,HIIT,39,691
U0446,05-06-2024,Wednesday,Running,59,528
U0052,19-04-2024,Friday,HIIT,75,425
U0031,14-05-2024,Tuesday,Strength,42,360
U0492,09-06-2024,Sunday,Cycling,58,447
U0090,23-02-2024,Friday,Running,41,485
U0203,29-04-2024,Monday,Walking,47,162
U0009,21-05-2024,Tuesday,Yoga,69,240
U0496,08-02-2024,Thursday,HIIT,21,509
U0264,13-03-2024,Wednesday,Walking,83,161
U0131,15-06-2024,Saturday,Walking,48,125
U0199,15-04-2024,Monday,Cycling,68,341
U0429,22-03-2024,Friday,Yoga,29,256
U0078,11-02-2024,Sunday,HIIT,65,611
U0270,19-04-2024,Friday,Running,24,495
U0457,02-01-2024,Tuesday,Yoga,73,283
U0314,17-06-2024,Monday,Yoga,45,279
U0457,04-02-2024,Sunday,Yoga,55,226
U0280,19-05-2024,Sunday,Yoga,60,157
U0029,15-02-2024,Thursday,Walking,55,188
U0137,06-03-2024,Wednesday,Running,78,339
U0388,13-02-2024,Tuesday,HIIT,86,688
U0178,12-06-2024,Wednesday,Walking,23,238
U0174,29-02-2024,Thursday,Cycling,45,312
U0295,22-03-2024,Friday,Yoga,52,163
U0356,12-02-2024,Monday,Yoga,42,166
U0037,01-04-2024,Monday,Walking,43,128
U0433,22-04-2024,Monday,Strength,90,413
U0086,26-03-2024,Tuesday,Running,61,688
U0143,02-06-2024,Sunday,Running,49,607
U0188,12-01-2024,Friday,Walking,41,138
U0404,02-03-2024,Saturday,HIIT,49,738
U0247,13-06-2024,Thursday,Strength,65,499
U0080,23-05-2024,Thursday,Yoga,87,177
U0328,06-03-2024,Wednesday,Running,56,584
U0303,15-06-2024,Saturday,Running,85,463
U0480,20-06-2024,Thursday,HIIT,83,364
U0061,22-05-2024,Wednesday,Cycling,47,499
U0248,05-03-2024,Tuesday,Yoga,52,296
U0355,19-01-2024,Friday,Strength,35,215
U0183,10-04-2024,Wednesday,HIIT,84,518
U0387,23-02-2024,Friday,Strength,57,393
U0485,02-01-2024,Tuesday,Strength,37,229
U0436,30-04-2024,Tuesday,Yoga,33,262
U0099,21-04-2024,Sunday,HIIT,46,780
